year,state,state_po,state_fips,state_cen,state_ic,office,district,stage,runoff,special,candidate,party,writein,mode,candidatevotes,totalvotes,unofficial,version,fusion_ticket
2024,ALABAMA,AL,1,63,41,US HOUSE,1,GEN,FALSE,FALSE,BARRY MOORE,REPUBLICAN,FALSE,TOTAL,258619,329854,FALSE,20250910,FALSE
2024,ALABAMA,AL,1,63,41,US HOUSE,1,GEN,FALSE,FALSE,TOM HOLMES,DEMOCRAT,FALSE,TOTAL,70929,329854,FALSE,20250910,FALSE
2024,ALABAMA,AL,1,63,41,US HOUSE,1,GEN,FALSE,FALSE,WRITEIN,NA,TRUE,TOTAL,306,329854,FALSE,20250910,FALSE
2024,ALABAMA,AL,1,63,41,US HOUSE,2,GEN,FALSE,FALSE,CAROLEENE DOBSON,REPUBLICAN,FALSE,TOTAL,131414,289674,FALSE,20250910,FALSE
2024,ALABAMA,AL,1,63,41,US HOUSE,2,GEN,FALSE,FALSE,SHOMARI FIGURES,DEMOCRAT,FALSE,TOTAL,158041,289674,FALSE,20250910,FALSE
2024,ALABAMA,AL,1,63,41,US HOUSE,2,GEN,FALSE,FALSE,WRITEIN,NA,TRUE,TOTAL,219,289674,FALSE,20250910,FALSE
2024,ALABAMA,AL,1,63,41,US HOUSE,3,GEN,FALSE,FALSE,MIKE ROGERS,REPUBLICAN,FALSE,TOTAL,243848,249008,FALSE,20250910,FALSE
2024,ALABAMA,AL,1,63,41,US HOUSE,3,GEN,FALSE,FALSE,WRITEIN,NA,TRUE,TOTAL,5160,249008,FALSE,20250910,FALSE
2024,ALABAMA,AL,1,63,41,US HOUSE,4,GEN,FALSE,FALSE,ROBERT B. ADERHOLT,REPUBLICAN,FALSE,TOTAL,274498,277872,FALSE,20250910,FALSE
2024,ALABAMA,AL,1,63,41,US HOUSE,4,GEN,FALSE,FALSE,WRITEIN,NA,TRUE,TOTAL,3374,277872,FALSE,20250910,FALSE
2024,ALABAMA,AL,1,63,41,US HOUSE,5,GEN,FALSE,FALSE,DALE W. STRONG,REPUBLICAN,FALSE,TOTAL,250322,262410,FALSE,20250910,FALSE
2024,ALABAMA,AL,1,63,41,US HOUSE,5,GEN,FALSE,FALSE,WRITEIN,NA,TRUE,TOTAL,12088,262410,FALSE,20250910,FALSE
2024,ALABAMA,AL,1,63,41,US HOUSE,6,GEN,FALSE,FALSE,ELIZABETH ANDERSON,DEMOCRAT,FALSE,TOTAL,102504,346625,FALSE,20250910,FALSE
2024,ALABAMA,AL,1,63,41,US HOUSE,6,GEN,FALSE,FALSE,GARY J. PALMER,REPUBLICAN,FALSE,TOTAL,243741,346625,FALSE,20250910,FALSE
2024,ALABAMA,AL,1,63,41,US HOUSE,6,GEN,FALSE,FALSE,WRITEIN,NA,TRUE,TOTAL,380,346625,FALSE,20250910,FALSE
2024,ALABAMA,AL,1,63,41,US HOUSE,7,GEN,FALSE,FALSE,ROBIN LITAKER,REPUBLICAN,FALSE,TOTAL,106312,293220,FALSE,20250910,FALSE
2024,ALABAMA,AL,1,63,41,US HOUSE,7,GEN,FALSE,FALSE,TERRI A. SEWELL,DEMOCRAT,FALSE,TOTAL,186723,293220,FALSE,20250910,FALSE
2024,ALABAMA,AL,1,63,41,US HOUSE,7,GEN,FALSE,FALSE,WRITEIN,NA,TRUE,TOTAL,185,293220,FALSE,20250910,FALSE
2024,ALASKA,AK,2,94,81,US HOUSE,0,GEN,FALSE,FALSE,ERIC HAFNER,DEMOCRAT,FALSE,TOTAL,3417,329555,FALSE,20250910,FALSE
2024,ALASKA,AK,2,94,81,US HOUSE,0,GEN,FALSE,FALSE,JOHN WAYNE HOWE,INDEPENDENCE,FALSE,TOTAL,13010,329555,FALSE,20250910,FALSE
2024,ALASKA,AK,2,94,81,US HOUSE,0,GEN,FALSE,FALSE,MARY SATTLER PELTOLA,DEMOCRAT,FALSE,TOTAL,152828,329555,FALSE,20250910,FALSE
2024,ALASKA,AK,2,94,81,US HOUSE,0,GEN,FALSE,FALSE,NICK BEGICH,REPUBLICAN,FALSE,TOTAL,159550,329555,FALSE,20250910,FALSE
2024,ALASKA,AK,2,94,81,US HOUSE,0,GEN,FALSE,FALSE,WRITEIN,NA,TRUE,TOTAL,750,329555,FALSE,20250910,FALSE
2024,ARIZONA,AZ,4,86,61,US HOUSE,1,GEN,FALSE,FALSE,AMISH SHAH,DEMOCRAT,FALSE,TOTAL,208966,434504,FALSE,20250910,FALSE
2024,ARIZONA,AZ,4,86,61,US HOUSE,1,GEN,FALSE,FALSE,DAVID SCHWEIKERT,REPUBLICAN,FALSE,TOTAL,225538,434504,FALSE,20250910,FALSE
2024,ARIZONA,AZ,4,86,61,US HOUSE,2,GEN,FALSE,FALSE,"CHARLES \""CHARLIE\"" EVERETTE HOLT, JR.",NA,TRUE,TOTAL,5,406431,FALSE,20250910,FALSE
2024,ARIZONA,AZ,4,86,61,US HOUSE,2,GEN,FALSE,FALSE,DAVID ALEXANDER,DEMOCRAT,TRUE,TOTAL,22,406431,FALSE,20250910,FALSE
2024,ARIZONA,AZ,4,86,61,US HOUSE,2,GEN,FALSE,FALSE,ELIJAH CRANE,REPUBLICAN,FALSE,TOTAL,221413,406431,FALSE,20250910,FALSE
2024,ARIZONA,AZ,4,86,61,US HOUSE,2,GEN,FALSE,FALSE,JONATHAN NEZ,DEMOCRAT,FALSE,TOTAL,184963,406431,FALSE,20250910,FALSE
2024,ARIZONA,AZ,4,86,61,US HOUSE,2,GEN,FALSE,FALSE,RICHARD WILLIAM ESTER,INDEPENDENT,TRUE,TOTAL,28,406431,FALSE,20250910,FALSE
2024,ARIZONA,AZ,4,86,61,US HOUSE,3,GEN,FALSE,FALSE,ALAN AVERSA,GREEN,FALSE,TOTAL,5008,202065,FALSE,20250910,FALSE
2024,ARIZONA,AZ,4,86,61,US HOUSE,3,GEN,FALSE,FALSE,CANDACE CUNNINGHAM,GREEN,TRUE,TOTAL,16,202065,FALSE,20250910,FALSE
2024,ARIZONA,AZ,4,86,61,US HOUSE,3,GEN,FALSE,FALSE,JEFF ZINK,REPUBLICAN,FALSE,TOTAL,53705,202065,FALSE,20250910,FALSE
2024,ARIZONA,AZ,4,86,61,US HOUSE,3,GEN,FALSE,FALSE,YASSAMIN ANSARI,DEMOCRAT,FALSE,TOTAL,143336,202065,FALSE,20250910,FALSE
2024,ARIZONA,AZ,4,86,61,US HOUSE,4,GEN,FALSE,FALSE,GREG STANTON,DEMOCRAT,FALSE,TOTAL,176428,334545,FALSE,20250910,FALSE
2024,ARIZONA,AZ,4,86,61,US HOUSE,4,GEN,FALSE,FALSE,KELLY COOPER,REPUBLICAN,FALSE,TOTAL,152052,334545,FALSE,20250910,FALSE
2024,ARIZONA,AZ,4,86,61,US HOUSE,4,GEN,FALSE,FALSE,VINCENT BECK-JONES,GREEN,FALSE,TOTAL,6065,334545,FALSE,20250910,FALSE
2024,ARIZONA,AZ,4,86,61,US HOUSE,5,GEN,FALSE,FALSE,ANDY BIGGS,REPUBLICAN,FALSE,TOTAL,255628,423308,FALSE,20250910,FALSE
2024,ARIZONA,AZ,4,86,61,US HOUSE,5,GEN,FALSE,FALSE,KATRINA SCHAFFNER,DEMOCRAT,FALSE,TOTAL,167680,423308,FALSE,20250910,FALSE
2024,ARIZONA,AZ,4,86,61,US HOUSE,6,GEN,FALSE,FALSE,ATHENA EASTWOOD,GREEN,FALSE,TOTAL,10759,431220,FALSE,20250910,FALSE
2024,ARIZONA,AZ,4,86,61,US HOUSE,6,GEN,FALSE,FALSE,JUAN CISCOMANI,REPUBLICAN,FALSE,TOTAL,215596,431220,FALSE,20250910,FALSE
2024,ARIZONA,AZ,4,86,61,US HOUSE,6,GEN,FALSE,FALSE,KIRSTEN ENGEL,DEMOCRAT,FALSE,TOTAL,204774,431220,FALSE,20250910,FALSE
2024,ARIZONA,AZ,4,86,61,US HOUSE,6,GEN,FALSE,FALSE,LUIS POZZOLO,INDEPENDENT,TRUE,TOTAL,91,431220,FALSE,20250910,FALSE
2024,ARIZONA,AZ,4,86,61,US HOUSE,7,GEN,FALSE,FALSE,"DANIEL FRANCIS BUTIEREZ, SR.",REPUBLICAN,FALSE,TOTAL,99057,271011,FALSE,20250910,FALSE
2024,ARIZONA,AZ,4,86,61,US HOUSE,7,GEN,FALSE,FALSE,RAúL M. GRIJALVA,DEMOCRAT,FALSE,TOTAL,171954,271011,FALSE,20250910,FALSE
2024,ARIZONA,AZ,4,86,61,US HOUSE,8,GEN,FALSE,FALSE,"ABRAHAM \""ABE\"" HAMADEH",REPUBLICAN,FALSE,TOTAL,208269,368613,FALSE,20250910,FALSE
2024,ARIZONA,AZ,4,86,61,US HOUSE,8,GEN,FALSE,FALSE,GREGORY WHITTEN,DEMOCRAT,FALSE,TOTAL,160344,368613,FALSE,20250910,FALSE
2024,ARIZONA,AZ,4,86,61,US HOUSE,9,GEN,FALSE,FALSE,PAUL A. GOSAR,REPUBLICAN,FALSE,TOTAL,249583,382223,FALSE,20250910,FALSE
2024,ARIZONA,AZ,4,86,61,US HOUSE,9,GEN,FALSE,FALSE,QUACY SMITH,DEMOCRAT,FALSE,TOTAL,132640,382223,FALSE,20250910,FALSE
2024,ARKANSAS,AR,5,71,42,US HOUSE,1,GEN,FALSE,FALSE,"ERIC A. \""RICK\"" CRAWFORD",REPUBLICAN,FALSE,TOTAL,194711,267177,FALSE,20250910,FALSE
2024,ARKANSAS,AR,5,71,42,US HOUSE,1,GEN,FALSE,FALSE,RODNEY GOVENS,DEMOCRAT,FALSE,TOTAL,64113,267177,FALSE,20250910,FALSE
2024,ARKANSAS,AR,5,71,42,US HOUSE,1,GEN,FALSE,FALSE,STEVE G. PARSONS,LIBERTARIAN,FALSE,TOTAL,8353,267177,FALSE,20250910,FALSE
2024,ARKANSAS,AR,5,71,42,US HOUSE,2,GEN,FALSE,FALSE,J. FRENCH HILL,REPUBLICAN,FALSE,TOTAL,180509,306286,FALSE,20250910,FALSE
2024,ARKANSAS,AR,5,71,42,US HOUSE,2,GEN,FALSE,FALSE,MARCUS A. JONES,DEMOCRAT,FALSE,TOTAL,125777,306286,FALSE,20250910,FALSE
2024,ARKANSAS,AR,5,71,42,US HOUSE,3,GEN,FALSE,FALSE,BOBBY WILSON,LIBERTARIAN,FALSE,TOTAL,13331,301084,FALSE,20250910,FALSE
2024,ARKANSAS,AR,5,71,42,US HOUSE,3,GEN,FALSE,FALSE,CAITLIN DRAPER,DEMOCRAT,FALSE,TOTAL,95652,301084,FALSE,20250910,FALSE
2024,ARKANSAS,AR,5,71,42,US HOUSE,3,GEN,FALSE,FALSE,STEVE WOMACK,REPUBLICAN,FALSE,TOTAL,192101,301084,FALSE,20250910,FALSE
2024,ARKANSAS,AR,5,71,42,US HOUSE,4,GEN,FALSE,FALSE,BRUCE WESTERMAN,REPUBLICAN,FALSE,TOTAL,197046,270253,FALSE,20250910,FALSE
2024,ARKANSAS,AR,5,71,42,US HOUSE,4,GEN,FALSE,FALSE,RISIE HOWARD,DEMOCRAT,FALSE,TOTAL,73207,270253,FALSE,20250910,FALSE
2024,CALIFORNIA,CA,6,93,71,US HOUSE,1,GEN,FALSE,FALSE,DOUG LAMALFA,REPUBLICAN,FALSE,TOTAL,208592,319228,FALSE,20250910,FALSE
2024,CALIFORNIA,CA,6,93,71,US HOUSE,1,GEN,FALSE,FALSE,ROSE PENELOPE YEE,DEMOCRAT,FALSE,TOTAL,110636,319228,FALSE,20250910,FALSE
2024,CALIFORNIA,CA,6,93,71,US HOUSE,2,GEN,FALSE,FALSE,CHRIS COULOMBE,REPUBLICAN,FALSE,TOTAL,106734,379617,FALSE,20250910,FALSE
2024,CALIFORNIA,CA,6,93,71,US HOUSE,2,GEN,FALSE,FALSE,JARED HUFFMAN,DEMOCRAT,FALSE,TOTAL,272883,379617,FALSE,20250910,FALSE
2024,CALIFORNIA,CA,6,93,71,US HOUSE,3,GEN,FALSE,FALSE,JESSICA MORSE,DEMOCRAT,FALSE,TOTAL,188067,422313,FALSE,20250910,FALSE
2024,CALIFORNIA,CA,6,93,71,US HOUSE,3,GEN,FALSE,FALSE,KEVIN KILEY,REPUBLICAN,FALSE,TOTAL,234246,422313,FALSE,20250910,FALSE
2024,CALIFORNIA,CA,6,93,71,US HOUSE,4,GEN,FALSE,FALSE,JOHN MUNN,REPUBLICAN,FALSE,TOTAL,114950,342680,FALSE,20250910,FALSE
2024,CALIFORNIA,CA,6,93,71,US HOUSE,4,GEN,FALSE,FALSE,MIKE THOMPSON,DEMOCRAT,FALSE,TOTAL,227730,342680,FALSE,20250910,FALSE
2024,CALIFORNIA,CA,6,93,71,US HOUSE,5,GEN,FALSE,FALSE,"MICHAEL J. \""MIKE\"" BARKLEY",DEMOCRAT,FALSE,TOTAL,140919,368562,FALSE,20250910,FALSE
2024,CALIFORNIA,CA,6,93,71,US HOUSE,5,GEN,FALSE,FALSE,TOM MCCLINTOCK,REPUBLICAN,FALSE,TOTAL,227643,368562,FALSE,20250910,FALSE
2024,CALIFORNIA,CA,6,93,71,US HOUSE,6,GEN,FALSE,FALSE,AMI BERA,DEMOCRAT,FALSE,TOTAL,165408,287072,FALSE,20250910,FALSE
2024,CALIFORNIA,CA,6,93,71,US HOUSE,6,GEN,FALSE,FALSE,CHRISTINE BISH,REPUBLICAN,FALSE,TOTAL,121664,287072,FALSE,20250910,FALSE
2024,CALIFORNIA,CA,6,93,71,US HOUSE,7,GEN,FALSE,FALSE,DORIS O. MATSUI,DEMOCRAT,FALSE,TOTAL,197429,295770,FALSE,20250910,FALSE
2024,CALIFORNIA,CA,6,93,71,US HOUSE,7,GEN,FALSE,FALSE,TOM SILVA,REPUBLICAN,FALSE,TOTAL,98341,295770,FALSE,20250910,FALSE
2024,CALIFORNIA,CA,6,93,71,US HOUSE,8,GEN,FALSE,FALSE,JOHN GARAMENDI,DEMOCRAT,FALSE,TOTAL,201962,273030,FALSE,20250910,FALSE
2024,CALIFORNIA,CA,6,93,71,US HOUSE,8,GEN,FALSE,FALSE,RUDY RECILE,REPUBLICAN,FALSE,TOTAL,71068,273030,FALSE,20250910,FALSE
2024,CALIFORNIA,CA,6,93,71,US HOUSE,9,GEN,FALSE,FALSE,JOSH HARDER,DEMOCRAT,FALSE,TOTAL,130183,251357,FALSE,20250910,FALSE
2024,CALIFORNIA,CA,6,93,71,US HOUSE,9,GEN,FALSE,FALSE,KEVIN LINCOLN,REPUBLICAN,FALSE,TOTAL,121174,251357,FALSE,20250910,FALSE
2024,CALIFORNIA,CA,6,93,71,US HOUSE,10,GEN,FALSE,FALSE,KATHERINE PICCININI,REPUBLICAN,FALSE,TOTAL,122219,364544,FALSE,20250910,FALSE
2024,CALIFORNIA,CA,6,93,71,US HOUSE,10,GEN,FALSE,FALSE,MARK DESAULNIER,DEMOCRAT,FALSE,TOTAL,242325,364544,FALSE,20250910,FALSE
2024,CALIFORNIA,CA,6,93,71,US HOUSE,11,GEN,FALSE,FALSE,BRUCE LOU,REPUBLICAN,FALSE,TOTAL,64315,339111,FALSE,20250910,FALSE
2024,CALIFORNIA,CA,6,93,71,US HOUSE,11,GEN,FALSE,FALSE,NANCY PELOSI,DEMOCRAT,FALSE,TOTAL,274796,339111,FALSE,20250910,FALSE
2024,CALIFORNIA,CA,6,93,71,US HOUSE,12,GEN,FALSE,FALSE,JENNIFER TRAN,DEMOCRAT,FALSE,TOTAL,97849,283025,FALSE,20250910,FALSE
2024,CALIFORNIA,CA,6,93,71,US HOUSE,12,GEN,FALSE,FALSE,LATEEFAH SIMON,DEMOCRAT,FALSE,TOTAL,185176,283025,FALSE,20250910,FALSE
2024,CALIFORNIA,CA,6,93,71,US HOUSE,13,GEN,FALSE,FALSE,ADAM GRAY,DEMOCRAT,FALSE,TOTAL,105554,210921,FALSE,20250910,FALSE
2024,CALIFORNIA,CA,6,93,71,US HOUSE,13,GEN,FALSE,FALSE,JOHN S. DUARTE,REPUBLICAN,FALSE,TOTAL,105367,210921,FALSE,20250910,FALSE
2024,CALIFORNIA,CA,6,93,71,US HOUSE,14,GEN,FALSE,FALSE,ERIC SWALWELL,DEMOCRAT,FALSE,TOTAL,187263,276388,FALSE,20250910,FALSE
2024,CALIFORNIA,CA,6,93,71,US HOUSE,14,GEN,FALSE,FALSE,VIN KRUTTIVENTI,REPUBLICAN,FALSE,TOTAL,89125,276388,FALSE,20250910,FALSE
2024,CALIFORNIA,CA,6,93,71,US HOUSE,15,GEN,FALSE,FALSE,ANNA CHENG KRAMER,REPUBLICAN,FALSE,TOTAL,77896,289544,FALSE,20250910,FALSE
2024,CALIFORNIA,CA,6,93,71,US HOUSE,15,GEN,FALSE,FALSE,KEVIN MULLIN,DEMOCRAT,FALSE,TOTAL,211648,289544,FALSE,20250910,FALSE
2024,CALIFORNIA,CA,6,93,71,US HOUSE,16,GEN,FALSE,FALSE,EVAN LOW,DEMOCRAT,FALSE,TOTAL,128893,308476,FALSE,20250910,FALSE
2024,CALIFORNIA,CA,6,93,71,US HOUSE,16,GEN,FALSE,FALSE,SAM LICCARDO,DEMOCRAT,FALSE,TOTAL,179583,308476,FALSE,20250910,FALSE
2024,CALIFORNIA,CA,6,93,71,US HOUSE,17,GEN,FALSE,FALSE,ANITA CHEN,REPUBLICAN,FALSE,TOTAL,82415,254877,FALSE,20250910,FALSE
2024,CALIFORNIA,CA,6,93,71,US HOUSE,17,GEN,FALSE,FALSE,RO KHANNA,DEMOCRAT,FALSE,TOTAL,172462,254877,FALSE,20250910,FALSE
2024,CALIFORNIA,CA,6,93,71,US HOUSE,18,GEN,FALSE,FALSE,PETER D. HERNANDEZ,REPUBLICAN,FALSE,TOTAL,80832,228506,FALSE,20250910,FALSE
2024,CALIFORNIA,CA,6,93,71,US HOUSE,18,GEN,FALSE,FALSE,ZOE LOFGREN,DEMOCRAT,FALSE,TOTAL,147674,228506,FALSE,20250910,FALSE
2024,CALIFORNIA,CA,6,93,71,US HOUSE,19,GEN,FALSE,FALSE,JASON MICHAEL ANDERSON,REPUBLICAN,FALSE,TOTAL,111862,364320,FALSE,20250910,FALSE
2024,CALIFORNIA,CA,6,93,71,US HOUSE,19,GEN,FALSE,FALSE,JIMMY PANETTA,DEMOCRAT,FALSE,TOTAL,252458,364320,FALSE,20250910,FALSE
2024,CALIFORNIA,CA,6,93,71,US HOUSE,20,GEN,FALSE,FALSE,MIKE BOUDREAUX,REPUBLICAN,FALSE,TOTAL,100926,288788,FALSE,20250910,FALSE
2024,CALIFORNIA,CA,6,93,71,US HOUSE,20,GEN,FALSE,FALSE,VINCE FONG,REPUBLICAN,FALSE,TOTAL,187862,288788,FALSE,20250910,FALSE
2024,CALIFORNIA,CA,6,93,71,US HOUSE,21,GEN,FALSE,FALSE,JIM COSTA,DEMOCRAT,FALSE,TOTAL,102798,195531,FALSE,20250910,FALSE
2024,CALIFORNIA,CA,6,93,71,US HOUSE,21,GEN,FALSE,FALSE,MICHAEL MAHER,REPUBLICAN,FALSE,TOTAL,92733,195531,FALSE,20250910,FALSE
2024,CALIFORNIA,CA,6,93,71,US HOUSE,22,GEN,FALSE,FALSE,DAVID G. VALADAO,REPUBLICAN,FALSE,TOTAL,89484,167507,FALSE,20250910,FALSE
2024,CALIFORNIA,CA,6,93,71,US HOUSE,22,GEN,FALSE,FALSE,RUDY SALAS,DEMOCRAT,FALSE,TOTAL,78023,167507,FALSE,20250910,FALSE
2024,CALIFORNIA,CA,6,93,71,US HOUSE,23,GEN,FALSE,FALSE,DEREK MARSHALL,DEMOCRAT,FALSE,TOTAL,105563,264849,FALSE,20250910,FALSE
2024,CALIFORNIA,CA,6,93,71,US HOUSE,23,GEN,FALSE,FALSE,JAY OBERNOLTE,REPUBLICAN,FALSE,TOTAL,159286,264849,FALSE,20250910,FALSE
2024,CALIFORNIA,CA,6,93,71,US HOUSE,24,GEN,FALSE,FALSE,SALUD O. CARBAJAL,DEMOCRAT,FALSE,TOTAL,214724,342479,FALSE,20250910,FALSE
2024,CALIFORNIA,CA,6,93,71,US HOUSE,24,GEN,FALSE,FALSE,THOMAS COLE,REPUBLICAN,FALSE,TOTAL,127755,342479,FALSE,20250910,FALSE
2024,CALIFORNIA,CA,6,93,71,US HOUSE,25,GEN,FALSE,FALSE,IAN M. WEEKS,REPUBLICAN,FALSE,TOTAL,107194,245031,FALSE,20250910,FALSE
2024,CALIFORNIA,CA,6,93,71,US HOUSE,25,GEN,FALSE,FALSE,RAUL RUIZ,DEMOCRAT,FALSE,TOTAL,137837,245031,FALSE,20250910,FALSE
2024,CALIFORNIA,CA,6,93,71,US HOUSE,26,GEN,FALSE,FALSE,JULIA BROWNLEY,DEMOCRAT,FALSE,TOTAL,187393,334306,FALSE,20250910,FALSE
2024,CALIFORNIA,CA,6,93,71,US HOUSE,26,GEN,FALSE,FALSE,MICHAEL KOSLOW,REPUBLICAN,FALSE,TOTAL,146913,334306,FALSE,20250910,FALSE
2024,CALIFORNIA,CA,6,93,71,US HOUSE,27,GEN,FALSE,FALSE,GEORGE WHITESIDES,DEMOCRAT,FALSE,TOTAL,154040,300090,FALSE,20250910,FALSE
2024,CALIFORNIA,CA,6,93,71,US HOUSE,27,GEN,FALSE,FALSE,MIKE GARCIA,REPUBLICAN,FALSE,TOTAL,146050,300090,FALSE,20250910,FALSE
2024,CALIFORNIA,CA,6,93,71,US HOUSE,28,GEN,FALSE,FALSE,APRIL A. VERLATO,REPUBLICAN,FALSE,TOTAL,110455,314944,FALSE,20250910,FALSE
2024,CALIFORNIA,CA,6,93,71,US HOUSE,28,GEN,FALSE,FALSE,JUDY CHU,DEMOCRAT,FALSE,TOTAL,204489,314944,FALSE,20250910,FALSE
2024,CALIFORNIA,CA,6,93,71,US HOUSE,29,GEN,FALSE,FALSE,BENITO BENNY BERNAL,REPUBLICAN,FALSE,TOTAL,63374,209686,FALSE,20250910,FALSE
2024,CALIFORNIA,CA,6,93,71,US HOUSE,29,GEN,FALSE,FALSE,LUZ MARIA RIVAS,DEMOCRAT,FALSE,TOTAL,146312,209686,FALSE,20250910,FALSE
2024,CALIFORNIA,CA,6,93,71,US HOUSE,30,GEN,FALSE,FALSE,ALEX BALEKIAN,REPUBLICAN,FALSE,TOTAL,98559,311659,FALSE,20250910,FALSE
2024,CALIFORNIA,CA,6,93,71,US HOUSE,30,GEN,FALSE,FALSE,LAURA FRIEDMAN,DEMOCRAT,FALSE,TOTAL,213100,311659,FALSE,20250910,FALSE
2024,CALIFORNIA,CA,6,93,71,US HOUSE,31,GEN,FALSE,FALSE,DANIEL JOSE BOCIC MARTINEZ,REPUBLICAN,FALSE,TOTAL,99856,247951,FALSE,20250910,FALSE
2024,CALIFORNIA,CA,6,93,71,US HOUSE,31,GEN,FALSE,FALSE,GIL CISNEROS,DEMOCRAT,FALSE,TOTAL,148095,247951,FALSE,20250910,FALSE
2024,CALIFORNIA,CA,6,93,71,US HOUSE,32,GEN,FALSE,FALSE,BRAD SHERMAN,DEMOCRAT,FALSE,TOTAL,212934,321645,FALSE,20250910,FALSE
2024,CALIFORNIA,CA,6,93,71,US HOUSE,32,GEN,FALSE,FALSE,LARRY THOMPSON,REPUBLICAN,FALSE,TOTAL,108711,321645,FALSE,20250910,FALSE
2024,CALIFORNIA,CA,6,93,71,US HOUSE,33,GEN,FALSE,FALSE,PETE AGUILAR,DEMOCRAT,FALSE,TOTAL,137197,233275,FALSE,20250910,FALSE
2024,CALIFORNIA,CA,6,93,71,US HOUSE,33,GEN,FALSE,FALSE,TOM HERMAN,REPUBLICAN,FALSE,TOTAL,96078,233275,FALSE,20250910,FALSE
2024,CALIFORNIA,CA,6,93,71,US HOUSE,34,GEN,FALSE,FALSE,DAVID KIM,DEMOCRAT,FALSE,TOTAL,84020,189414,FALSE,20250910,FALSE
2024,CALIFORNIA,CA,6,93,71,US HOUSE,34,GEN,FALSE,FALSE,JIMMY GOMEZ,DEMOCRAT,FALSE,TOTAL,105394,189414,FALSE,20250910,FALSE
2024,CALIFORNIA,CA,6,93,71,US HOUSE,35,GEN,FALSE,FALSE,MIKE CARGILE,REPUBLICAN,FALSE,TOTAL,97142,233555,FALSE,20250910,FALSE
2024,CALIFORNIA,CA,6,93,71,US HOUSE,35,GEN,FALSE,FALSE,NORMA J. TORRES,DEMOCRAT,FALSE,TOTAL,136413,233555,FALSE,20250910,FALSE
2024,CALIFORNIA,CA,6,93,71,US HOUSE,36,GEN,FALSE,FALSE,MELISSA TOOMIM,REPUBLICAN,FALSE,TOTAL,111985,357987,FALSE,20250910,FALSE
2024,CALIFORNIA,CA,6,93,71,US HOUSE,36,GEN,FALSE,FALSE,TED LIEU,DEMOCRAT,FALSE,TOTAL,246002,357987,FALSE,20250910,FALSE
2024,CALIFORNIA,CA,6,93,71,US HOUSE,37,GEN,FALSE,FALSE,JUAN REY,NO PARTY PREFERENCE,FALSE,TOTAL,44450,204814,FALSE,20250910,FALSE
2024,CALIFORNIA,CA,6,93,71,US HOUSE,37,GEN,FALSE,FALSE,SYDNEY KAMLAGER-DOVE,DEMOCRAT,FALSE,TOTAL,160364,204814,FALSE,20250910,FALSE
2024,CALIFORNIA,CA,6,93,71,US HOUSE,38,GEN,FALSE,FALSE,ERIC J. CHING,REPUBLICAN,FALSE,TOTAL,110818,275928,FALSE,20250910,FALSE
2024,CALIFORNIA,CA,6,93,71,US HOUSE,38,GEN,FALSE,FALSE,LINDA T. SáNCHEZ,DEMOCRAT,FALSE,TOTAL,165110,275928,FALSE,20250910,FALSE
2024,CALIFORNIA,CA,6,93,71,US HOUSE,39,GEN,FALSE,FALSE,DAVID SERPA,REPUBLICAN,FALSE,TOTAL,99469,229660,FALSE,20250910,FALSE
2024,CALIFORNIA,CA,6,93,71,US HOUSE,39,GEN,FALSE,FALSE,MARK TAKANO,DEMOCRAT,FALSE,TOTAL,130191,229660,FALSE,20250910,FALSE
2024,CALIFORNIA,CA,6,93,71,US HOUSE,40,GEN,FALSE,FALSE,JOE KERR,DEMOCRAT,FALSE,TOTAL,171637,383635,FALSE,20250910,FALSE
2024,CALIFORNIA,CA,6,93,71,US HOUSE,40,GEN,FALSE,FALSE,YOUNG KIM,REPUBLICAN,FALSE,TOTAL,211998,383635,FALSE,20250910,FALSE
2024,CALIFORNIA,CA,6,93,71,US HOUSE,41,GEN,FALSE,FALSE,KEN CALVERT,REPUBLICAN,FALSE,TOTAL,183216,354445,FALSE,20250910,FALSE
2024,CALIFORNIA,CA,6,93,71,US HOUSE,41,GEN,FALSE,FALSE,WILL ROLLINS,DEMOCRAT,FALSE,TOTAL,171229,354445,FALSE,20250910,FALSE
2024,CALIFORNIA,CA,6,93,71,US HOUSE,42,GEN,FALSE,FALSE,JOHN BRISCOE,REPUBLICAN,FALSE,TOTAL,74410,233563,FALSE,20250910,FALSE
2024,CALIFORNIA,CA,6,93,71,US HOUSE,42,GEN,FALSE,FALSE,ROBERT GARCIA,DEMOCRAT,FALSE,TOTAL,159153,233563,FALSE,20250910,FALSE
2024,CALIFORNIA,CA,6,93,71,US HOUSE,43,GEN,FALSE,FALSE,MAXINE WATERS,DEMOCRAT,FALSE,TOTAL,160080,213232,FALSE,20250910,FALSE
2024,CALIFORNIA,CA,6,93,71,US HOUSE,43,GEN,FALSE,FALSE,STEVE WILLIAMS,REPUBLICAN,FALSE,TOTAL,53152,213232,FALSE,20250910,FALSE
2024,CALIFORNIA,CA,6,93,71,US HOUSE,44,GEN,FALSE,FALSE,NANETTE DIAZ BARRAGáN,DEMOCRAT,FALSE,TOTAL,164765,230852,FALSE,20250910,FALSE
2024,CALIFORNIA,CA,6,93,71,US HOUSE,44,GEN,FALSE,FALSE,ROGER GROH,REPUBLICAN,FALSE,TOTAL,66087,230852,FALSE,20250910,FALSE
2024,CALIFORNIA,CA,6,93,71,US HOUSE,45,GEN,FALSE,FALSE,DEREK TRAN,DEMOCRAT,FALSE,TOTAL,158264,315875,FALSE,20250910,FALSE
2024,CALIFORNIA,CA,6,93,71,US HOUSE,45,GEN,FALSE,FALSE,MICHELLE STEEL,REPUBLICAN,FALSE,TOTAL,157611,315875,FALSE,20250910,FALSE
2024,CALIFORNIA,CA,6,93,71,US HOUSE,46,GEN,FALSE,FALSE,DAVID PAN,REPUBLICAN,FALSE,TOTAL,77279,211292,FALSE,20250910,FALSE
2024,CALIFORNIA,CA,6,93,71,US HOUSE,46,GEN,FALSE,FALSE,J. LUIS CORREA,DEMOCRAT,FALSE,TOTAL,134013,211292,FALSE,20250910,FALSE
2024,CALIFORNIA,CA,6,93,71,US HOUSE,47,GEN,FALSE,FALSE,DAVE MIN,DEMOCRAT,FALSE,TOTAL,181721,353275,FALSE,20250910,FALSE
2024,CALIFORNIA,CA,6,93,71,US HOUSE,47,GEN,FALSE,FALSE,SCOTT BAUGH,REPUBLICAN,FALSE,TOTAL,171554,353275,FALSE,20250910,FALSE
2024,CALIFORNIA,CA,6,93,71,US HOUSE,48,GEN,FALSE,FALSE,DARRELL ISSA,REPUBLICAN,FALSE,TOTAL,213625,360290,FALSE,20250910,FALSE
2024,CALIFORNIA,CA,6,93,71,US HOUSE,48,GEN,FALSE,FALSE,STEPHEN HOULAHAN,DEMOCRAT,FALSE,TOTAL,146665,360290,FALSE,20250910,FALSE
2024,CALIFORNIA,CA,6,93,71,US HOUSE,49,GEN,FALSE,FALSE,MATT GUNDERSON,REPUBLICAN,FALSE,TOTAL,180950,378347,FALSE,20250910,FALSE
2024,CALIFORNIA,CA,6,93,71,US HOUSE,49,GEN,FALSE,FALSE,MIKE LEVIN,DEMOCRAT,FALSE,TOTAL,197397,378347,FALSE,20250910,FALSE
2024,CALIFORNIA,CA,6,93,71,US HOUSE,50,GEN,FALSE,FALSE,PETER J. BONO,REPUBLICAN,FALSE,TOTAL,128859,360695,FALSE,20250910,FALSE
2024,CALIFORNIA,CA,6,93,71,US HOUSE,50,GEN,FALSE,FALSE,SCOTT H. PETERS,DEMOCRAT,FALSE,TOTAL,231836,360695,FALSE,20250910,FALSE
2024,CALIFORNIA,CA,6,93,71,US HOUSE,51,GEN,FALSE,FALSE,BILL WELLS,REPUBLICAN,FALSE,TOTAL,128749,327584,FALSE,20250910,FALSE
2024,CALIFORNIA,CA,6,93,71,US HOUSE,51,GEN,FALSE,FALSE,SARA JACOBS,DEMOCRAT,FALSE,TOTAL,198835,327584,FALSE,20250910,FALSE
2024,CALIFORNIA,CA,6,93,71,US HOUSE,52,GEN,FALSE,FALSE,JUAN VARGAS,DEMOCRAT,FALSE,TOTAL,172217,259718,FALSE,20250910,FALSE
2024,CALIFORNIA,CA,6,93,71,US HOUSE,52,GEN,FALSE,FALSE,JUSTIN LEE,REPUBLICAN,FALSE,TOTAL,87501,259718,FALSE,20250910,FALSE
2024,COLORADO,CO,8,84,62,US HOUSE,1,GEN,FALSE,FALSE,"CHARLES H. \""CHUCK\"" NORRIS",DEMOCRAT,TRUE,TOTAL,88,345735,FALSE,20250910,FALSE
2024,COLORADO,CO,8,84,62,US HOUSE,1,GEN,FALSE,FALSE,CRITTER MILTON,UNITY PARTY,FALSE,TOTAL,4084,345735,FALSE,20250910,FALSE
2024,COLORADO,CO,8,84,62,US HOUSE,1,GEN,FALSE,FALSE,DANIEL LUTZ,APPROVAL VOTING PARTY,FALSE,TOTAL,2351,345735,FALSE,20250910,FALSE
2024,COLORADO,CO,8,84,62,US HOUSE,1,GEN,FALSE,FALSE,DIANA DEGETTE,DEMOCRAT,FALSE,TOTAL,264606,345735,FALSE,20250910,FALSE
2024,COLORADO,CO,8,84,62,US HOUSE,1,GEN,FALSE,FALSE,JOHN R. JOHNSON,UNAFFILIATED,TRUE,TOTAL,8,345735,FALSE,20250910,FALSE
2024,COLORADO,CO,8,84,62,US HOUSE,1,GEN,FALSE,FALSE,VALDAMAR ARCHULETA,REPUBLICAN,FALSE,TOTAL,74598,345735,FALSE,20250910,FALSE
2024,COLORADO,CO,8,84,62,US HOUSE,2,GEN,FALSE,FALSE,CYNTHIA MUNHOS DE AQUINO SIRIANNI,UNITY PARTY,FALSE,TOTAL,3744,416908,FALSE,20250910,FALSE
2024,COLORADO,CO,8,84,62,US HOUSE,2,GEN,FALSE,FALSE,GAYLON KENT,LIBERTARIAN,FALSE,TOTAL,5180,416908,FALSE,20250910,FALSE
2024,COLORADO,CO,8,84,62,US HOUSE,2,GEN,FALSE,FALSE,JAN KOK,APPROVAL VOTING PARTY,FALSE,TOTAL,2349,416908,FALSE,20250910,FALSE
2024,COLORADO,CO,8,84,62,US HOUSE,2,GEN,FALSE,FALSE,JOE NEGUSE,DEMOCRAT,FALSE,TOTAL,284994,416908,FALSE,20250910,FALSE
2024,COLORADO,CO,8,84,62,US HOUSE,2,GEN,FALSE,FALSE,MARSHALL DAWSON,REPUBLICAN,FALSE,TOTAL,120633,416908,FALSE,20250910,FALSE
2024,COLORADO,CO,8,84,62,US HOUSE,2,GEN,FALSE,FALSE,MIKE WATSON,UNAFFILIATED,TRUE,TOTAL,8,416908,FALSE,20250910,FALSE
2024,COLORADO,CO,8,84,62,US HOUSE,3,GEN,FALSE,FALSE,ADAM FRISCH,DEMOCRAT,FALSE,TOTAL,182147,397553,FALSE,20250910,FALSE
2024,COLORADO,CO,8,84,62,US HOUSE,3,GEN,FALSE,FALSE,ADAM WITHROW,UNITY PARTY,FALSE,TOTAL,2721,397553,FALSE,20250910,FALSE
2024,COLORADO,CO,8,84,62,US HOUSE,3,GEN,FALSE,FALSE,JAMES WILEY,LIBERTARIAN,FALSE,TOTAL,10734,397553,FALSE,20250910,FALSE
2024,COLORADO,CO,8,84,62,US HOUSE,3,GEN,FALSE,FALSE,JEFF HURD,REPUBLICAN,FALSE,TOTAL,201951,397553,FALSE,20250910,FALSE
2024,COLORADO,CO,8,84,62,US HOUSE,4,GEN,FALSE,FALSE,FRANK ATWOOD,APPROVAL VOTING PARTY,FALSE,TOTAL,6233,447807,FALSE,20250910,FALSE
2024,COLORADO,CO,8,84,62,US HOUSE,4,GEN,FALSE,FALSE,HANNAH GOODMAN,LIBERTARIAN,FALSE,TOTAL,11676,447807,FALSE,20250910,FALSE
2024,COLORADO,CO,8,84,62,US HOUSE,4,GEN,FALSE,FALSE,LAUREN BOEBERT,REPUBLICAN,FALSE,TOTAL,240213,447807,FALSE,20250910,FALSE
2024,COLORADO,CO,8,84,62,US HOUSE,4,GEN,FALSE,FALSE,PAUL NOEL FIORINO,UNITY PARTY,FALSE,TOTAL,1436,447807,FALSE,20250910,FALSE
2024,COLORADO,CO,8,84,62,US HOUSE,4,GEN,FALSE,FALSE,TRISHA CALVARESE,DEMOCRAT,FALSE,TOTAL,188249,447807,FALSE,20250910,FALSE
2024,COLORADO,CO,8,84,62,US HOUSE,5,GEN,FALSE,FALSE,CHRISTOPHER MITCHELL,AMERICAN CONSTITUTION,FALSE,TOTAL,4006,362085,FALSE,20250910,FALSE
2024,COLORADO,CO,8,84,62,US HOUSE,5,GEN,FALSE,FALSE,CHRISTOPHER SWEAT,FORWARD PARTY,FALSE,TOTAL,1627,362085,FALSE,20250910,FALSE
2024,COLORADO,CO,8,84,62,US HOUSE,5,GEN,FALSE,FALSE,JEFF CRANK,REPUBLICAN,FALSE,TOTAL,197924,362085,FALSE,20250910,FALSE
2024,COLORADO,CO,8,84,62,US HOUSE,5,GEN,FALSE,FALSE,JOSEPH GAYE,UNAFFILIATED,FALSE,TOTAL,4094,362085,FALSE,20250910,FALSE
2024,COLORADO,CO,8,84,62,US HOUSE,5,GEN,FALSE,FALSE,MARCUS MURPHY,UNAFFILIATED,TRUE,TOTAL,4,362085,FALSE,20250910,FALSE
2024,COLORADO,CO,8,84,62,US HOUSE,5,GEN,FALSE,FALSE,MICHAEL KEITH VANCE,LIBERTARIAN,FALSE,TOTAL,6458,362085,FALSE,20250910,FALSE
2024,COLORADO,CO,8,84,62,US HOUSE,5,GEN,FALSE,FALSE,RIVER GASSEN,DEMOCRAT,FALSE,TOTAL,147972,362085,FALSE,20250910,FALSE
2024,COLORADO,CO,8,84,62,US HOUSE,6,GEN,FALSE,FALSE,BRAD NICKLE,UNAFFILIATED,TRUE,TOTAL,25,343721,FALSE,20250910,FALSE
2024,COLORADO,CO,8,84,62,US HOUSE,6,GEN,FALSE,FALSE,JASON CROW,DEMOCRAT,FALSE,TOTAL,202686,343721,FALSE,20250910,FALSE
2024,COLORADO,CO,8,84,62,US HOUSE,6,GEN,FALSE,FALSE,JOHN E. FABBRICATORE,REPUBLICAN,FALSE,TOTAL,132174,343721,FALSE,20250910,FALSE
2024,COLORADO,CO,8,84,62,US HOUSE,6,GEN,FALSE,FALSE,JOHN KITTLESON,LIBERTARIAN,FALSE,TOTAL,4832,343721,FALSE,20250910,FALSE
2024,COLORADO,CO,8,84,62,US HOUSE,6,GEN,FALSE,FALSE,TRAVIS NICKS,APPROVAL VOTING PARTY,FALSE,TOTAL,4004,343721,FALSE,20250910,FALSE
2024,COLORADO,CO,8,84,62,US HOUSE,7,GEN,FALSE,FALSE,BRITTANY PETTERSEN,DEMOCRAT,FALSE,TOTAL,235688,425966,FALSE,20250910,FALSE
2024,COLORADO,CO,8,84,62,US HOUSE,7,GEN,FALSE,FALSE,PATRICK BOHAN,LIBERTARIAN,FALSE,TOTAL,9697,425966,FALSE,20250910,FALSE
2024,COLORADO,CO,8,84,62,US HOUSE,7,GEN,FALSE,FALSE,PATRICK FLAHERTY,UNAFFILIATED,TRUE,TOTAL,37,425966,FALSE,20250910,FALSE
2024,COLORADO,CO,8,84,62,US HOUSE,7,GEN,FALSE,FALSE,RON TUPA,UNITY PARTY,FALSE,TOTAL,5271,425966,FALSE,20250910,FALSE
2024,COLORADO,CO,8,84,62,US HOUSE,7,GEN,FALSE,FALSE,SERGEI MATVEYUK,REPUBLICAN,FALSE,TOTAL,175273,425966,FALSE,20250910,FALSE
2024,COLORADO,CO,8,84,62,US HOUSE,8,GEN,FALSE,FALSE,CHRIS BAUM,APPROVAL VOTING PARTY,FALSE,TOTAL,5741,333616,FALSE,20250910,FALSE
2024,COLORADO,CO,8,84,62,US HOUSE,8,GEN,FALSE,FALSE,GABE EVANS,REPUBLICAN,FALSE,TOTAL,163320,333616,FALSE,20250910,FALSE
2024,COLORADO,CO,8,84,62,US HOUSE,8,GEN,FALSE,FALSE,JAMES K. TREIBERT,UNAFFILIATED,TRUE,TOTAL,7,333616,FALSE,20250910,FALSE
2024,COLORADO,CO,8,84,62,US HOUSE,8,GEN,FALSE,FALSE,SUSAN PATRICIA HALL,UNITY PARTY,FALSE,TOTAL,3677,333616,FALSE,20250910,FALSE
2024,COLORADO,CO,8,84,62,US HOUSE,8,GEN,FALSE,FALSE,YADIRA CARAVEO,DEMOCRAT,FALSE,TOTAL,160871,333616,FALSE,20250910,FALSE
2024,CONNECTICUT,CT,9,16,1,US HOUSE,1,GEN,FALSE,FALSE,JIM GRIFFIN,REPUBLICAN,FALSE,TOTAL,115065,330482,FALSE,20250910,FALSE
2024,CONNECTICUT,CT,9,16,1,US HOUSE,1,GEN,FALSE,FALSE,JOHN B. LARSON,DEMOCRAT,FALSE,TOTAL,197788,330482,FALSE,20250910,FALSE
2024,CONNECTICUT,CT,9,16,1,US HOUSE,1,GEN,FALSE,FALSE,MARY L. SANDERS,GREEN,FALSE,TOTAL,6768,330482,FALSE,20250910,FALSE
2024,CONNECTICUT,CT,9,16,1,US HOUSE,1,GEN,FALSE,FALSE,WORKING FAMILIES,NA,FALSE,TOTAL,10861,330482,FALSE,20250910,FALSE
2024,CONNECTICUT,CT,9,16,1,US HOUSE,2,GEN,FALSE,FALSE,JEFFERY RUSSELL,NA,TRUE,TOTAL,4,376047,FALSE,20250910,FALSE
2024,CONNECTICUT,CT,9,16,1,US HOUSE,2,GEN,FALSE,FALSE,JOE COURTNEY,DEMOCRAT,FALSE,TOTAL,218162,376047,FALSE,20250910,FALSE
2024,CONNECTICUT,CT,9,16,1,US HOUSE,2,GEN,FALSE,FALSE,"KENNETH KUSMIERSKI, JR.",NA,TRUE,TOTAL,3,376047,FALSE,20250910,FALSE
2024,CONNECTICUT,CT,9,16,1,US HOUSE,2,GEN,FALSE,FALSE,MIKE FRANCE,REPUBLICAN,FALSE,TOTAL,157878,376047,FALSE,20250910,FALSE
2024,CONNECTICUT,CT,9,16,1,US HOUSE,3,GEN,FALSE,FALSE,INDEPENDENT,NA,FALSE,TOTAL,5018,328923,FALSE,20250910,FALSE
2024,CONNECTICUT,CT,9,16,1,US HOUSE,3,GEN,FALSE,FALSE,MICHAEL MASSEY,REPUBLICAN,FALSE,TOTAL,130095,328923,FALSE,20250910,FALSE
2024,CONNECTICUT,CT,9,16,1,US HOUSE,3,GEN,FALSE,FALSE,OMAR SCOTT ANTAR,NA,TRUE,TOTAL,2,328923,FALSE,20250910,FALSE
2024,CONNECTICUT,CT,9,16,1,US HOUSE,3,GEN,FALSE,FALSE,ROSA L. DELAURO,DEMOCRAT,FALSE,TOTAL,193684,328923,FALSE,20250910,FALSE
2024,CONNECTICUT,CT,9,16,1,US HOUSE,3,GEN,FALSE,FALSE,SHAHD OMAR,NA,TRUE,TOTAL,124,328923,FALSE,20250910,FALSE
2024,CONNECTICUT,CT,9,16,1,US HOUSE,4,GEN,FALSE,FALSE,BENJAMIN WESLEY,INDEPENDENT,FALSE,TOTAL,5273,328857,FALSE,20250910,FALSE
2024,CONNECTICUT,CT,9,16,1,US HOUSE,4,GEN,FALSE,FALSE,JAMES A. HIMES,DEMOCRAT,FALSE,TOTAL,200791,328857,FALSE,20250910,FALSE
2024,CONNECTICUT,CT,9,16,1,US HOUSE,4,GEN,FALSE,FALSE,MICHAEL GOLDSTEIN,REPUBLICAN,FALSE,TOTAL,122793,328857,FALSE,20250910,FALSE
2024,CONNECTICUT,CT,9,16,1,US HOUSE,5,GEN,FALSE,FALSE,AHMAD A J DARWISH,NA,TRUE,TOTAL,76,337605,FALSE,20250910,FALSE
2024,CONNECTICUT,CT,9,16,1,US HOUSE,5,GEN,FALSE,FALSE,BERTRAM FERGUSON,NA,TRUE,TOTAL,3,337605,FALSE,20250910,FALSE
2024,CONNECTICUT,CT,9,16,1,US HOUSE,5,GEN,FALSE,FALSE,GEORGE LOGAN,REPUBLICAN,FALSE,TOTAL,157258,337605,FALSE,20250910,FALSE
2024,CONNECTICUT,CT,9,16,1,US HOUSE,5,GEN,FALSE,FALSE,JAHANA HAYES,DEMOCRAT,FALSE,TOTAL,171337,337605,FALSE,20250910,FALSE
2024,CONNECTICUT,CT,9,16,1,US HOUSE,5,GEN,FALSE,FALSE,WORKING FAMILIES,NA,FALSE,TOTAL,8931,337605,FALSE,20250910,FALSE
2024,DELAWARE,DE,10,51,11,US HOUSE,0,GEN,FALSE,FALSE,JOHN J. WHALEN III,REPUBLICAN,FALSE,TOTAL,209606,497436,FALSE,20250910,FALSE
2024,DELAWARE,DE,10,51,11,US HOUSE,0,GEN,FALSE,FALSE,SARAH MCBRIDE,DEMOCRAT,FALSE,TOTAL,287830,497436,FALSE,20250910,FALSE
2024,FLORIDA,FL,12,59,43,US HOUSE,1,GEN,FALSE,FALSE,GAY VALIMONT,DEMOCRAT,FALSE,TOTAL,140980,415088,FALSE,20250910,FALSE
2024,FLORIDA,FL,12,59,43,US HOUSE,1,GEN,FALSE,FALSE,MATT GAETZ,REPUBLICAN,FALSE,TOTAL,274108,415088,FALSE,20250910,FALSE
2024,FLORIDA,FL,12,59,43,US HOUSE,2,GEN,FALSE,FALSE,NEAL P. DUNN,REPUBLICAN,FALSE,TOTAL,247957,402280,FALSE,20250910,FALSE
2024,FLORIDA,FL,12,59,43,US HOUSE,2,GEN,FALSE,FALSE,YEN BAILEY,DEMOCRAT,FALSE,TOTAL,154323,402280,FALSE,20250910,FALSE
2024,FLORIDA,FL,12,59,43,US HOUSE,3,GEN,FALSE,FALSE,KAT CAMMACK,REPUBLICAN,FALSE,TOTAL,241174,391457,FALSE,20250910,FALSE
2024,FLORIDA,FL,12,59,43,US HOUSE,3,GEN,FALSE,FALSE,TOM WELLS,DEMOCRAT,FALSE,TOTAL,150283,391457,FALSE,20250910,FALSE
2024,FLORIDA,FL,12,59,43,US HOUSE,4,GEN,FALSE,FALSE,AARON BEAN,REPUBLICAN,FALSE,TOTAL,222364,388349,FALSE,20250910,FALSE
2024,FLORIDA,FL,12,59,43,US HOUSE,4,GEN,FALSE,FALSE,"LASHONDA \""L. J.\"" HOLLOWAY",DEMOCRAT,FALSE,TOTAL,165912,388349,FALSE,20250910,FALSE
2024,FLORIDA,FL,12,59,43,US HOUSE,4,GEN,FALSE,FALSE,TODD SCHAEFER,NA,TRUE,TOTAL,73,388349,FALSE,20250910,FALSE
2024,FLORIDA,FL,12,59,43,US HOUSE,5,GEN,FALSE,FALSE,GARY L. KONIZ,NA,TRUE,TOTAL,23,424064,FALSE,20250910,FALSE
2024,FLORIDA,FL,12,59,43,US HOUSE,5,GEN,FALSE,FALSE,JAY MCGOVERN,DEMOCRAT,FALSE,TOTAL,156570,424064,FALSE,20250910,FALSE
2024,FLORIDA,FL,12,59,43,US HOUSE,5,GEN,FALSE,FALSE,JOHN H. RUTHERFORD,REPUBLICAN,FALSE,TOTAL,267471,424064,FALSE,20250910,FALSE
2024,FLORIDA,FL,12,59,43,US HOUSE,6,GEN,FALSE,FALSE,JAMES DAVID STOCKTON III,DEMOCRAT,FALSE,TOTAL,143050,427474,FALSE,20250910,FALSE
2024,FLORIDA,FL,12,59,43,US HOUSE,6,GEN,FALSE,FALSE,MICHAEL WALTZ,REPUBLICAN,FALSE,TOTAL,284414,427474,FALSE,20250910,FALSE
2024,FLORIDA,FL,12,59,43,US HOUSE,6,GEN,FALSE,FALSE,RICHARD PAUL DEMBINSKY,NA,TRUE,TOTAL,10,427474,FALSE,20250910,FALSE
2024,FLORIDA,FL,12,59,43,US HOUSE,7,GEN,FALSE,FALSE,CORY MILLS,REPUBLICAN,FALSE,TOTAL,233937,413854,FALSE,20250910,FALSE
2024,FLORIDA,FL,12,59,43,US HOUSE,7,GEN,FALSE,FALSE,JENNIFER ADAMS,DEMOCRAT,FALSE,TOTAL,179917,413854,FALSE,20250910,FALSE
2024,FLORIDA,FL,12,59,43,US HOUSE,8,GEN,FALSE,FALSE,MIKE HARIDOPOLOS,REPUBLICAN,FALSE,TOTAL,280352,450448,FALSE,20250910,FALSE
2024,FLORIDA,FL,12,59,43,US HOUSE,8,GEN,FALSE,FALSE,SANDY KENNEDY,DEMOCRAT,FALSE,TOTAL,170096,450448,FALSE,20250910,FALSE
2024,FLORIDA,FL,12,59,43,US HOUSE,9,GEN,FALSE,FALSE,DARREN SOTO,DEMOCRAT,FALSE,TOTAL,178785,324273,FALSE,20250910,FALSE
2024,FLORIDA,FL,12,59,43,US HOUSE,9,GEN,FALSE,FALSE,MARCUS CARTER,NO PARTY AFFILIATION,FALSE,TOTAL,7412,324273,FALSE,20250910,FALSE
2024,FLORIDA,FL,12,59,43,US HOUSE,9,GEN,FALSE,FALSE,THOMAS CHALIFOUX,REPUBLICAN,FALSE,TOTAL,138076,324273,FALSE,20250910,FALSE
2024,FLORIDA,FL,12,59,43,US HOUSE,10,GEN,FALSE,FALSE,MAXWELL FROST,DEMOCRAT,FALSE,TOTAL,181455,290915,FALSE,20250910,FALSE
2024,FLORIDA,FL,12,59,43,US HOUSE,10,GEN,FALSE,FALSE,WILLIE J. MONTAGUE,REPUBLICAN,FALSE,TOTAL,109460,290915,FALSE,20250910,FALSE
2024,FLORIDA,FL,12,59,43,US HOUSE,11,GEN,FALSE,FALSE,BARBIE HARDEN HALL,DEMOCRAT,FALSE,TOTAL,176726,446003,FALSE,20250910,FALSE
2024,FLORIDA,FL,12,59,43,US HOUSE,11,GEN,FALSE,FALSE,DANIEL WEBSTER,REPUBLICAN,FALSE,TOTAL,269277,446003,FALSE,20250910,FALSE
2024,FLORIDA,FL,12,59,43,US HOUSE,12,GEN,FALSE,FALSE,GUS M. BILIRAKIS,REPUBLICAN,FALSE,TOTAL,306487,431436,FALSE,20250910,FALSE
2024,FLORIDA,FL,12,59,43,US HOUSE,12,GEN,FALSE,FALSE,"ROCK ABOUJAOUDE, JR.",DEMOCRAT,FALSE,TOTAL,124949,431436,FALSE,20250910,FALSE
2024,FLORIDA,FL,12,59,43,US HOUSE,13,GEN,FALSE,FALSE,ANNA PAULINA LUNA,REPUBLICAN,FALSE,TOTAL,225636,411593,FALSE,20250910,FALSE
2024,FLORIDA,FL,12,59,43,US HOUSE,13,GEN,FALSE,FALSE,TONY D’ARRIGO,NA,TRUE,TOTAL,27,411593,FALSE,20250910,FALSE
2024,FLORIDA,FL,12,59,43,US HOUSE,13,GEN,FALSE,FALSE,WHITNEY FOX,DEMOCRAT,FALSE,TOTAL,185930,411593,FALSE,20250910,FALSE
2024,FLORIDA,FL,12,59,43,US HOUSE,14,GEN,FALSE,FALSE,CHRISTOPHER BRADLEY,NO PARTY AFFILIATION,FALSE,TOTAL,2595,350185,FALSE,20250910,FALSE
2024,FLORIDA,FL,12,59,43,US HOUSE,14,GEN,FALSE,FALSE,KATHY CASTOR,DEMOCRAT,FALSE,TOTAL,199423,350185,FALSE,20250910,FALSE
2024,FLORIDA,FL,12,59,43,US HOUSE,14,GEN,FALSE,FALSE,NATHANIEL T. SNYDER,LIBERTARIAN PARTY OF FLORIDA,FALSE,TOTAL,2524,350185,FALSE,20250910,FALSE
2024,FLORIDA,FL,12,59,43,US HOUSE,14,GEN,FALSE,FALSE,"ROBERT \""ROCKY\"" ROCHFORD",REPUBLICAN,FALSE,TOTAL,145643,350185,FALSE,20250910,FALSE
2024,FLORIDA,FL,12,59,43,US HOUSE,15,GEN,FALSE,FALSE,LAUREL M. LEE,REPUBLICAN,FALSE,TOTAL,195334,347695,FALSE,20250910,FALSE
2024,FLORIDA,FL,12,59,43,US HOUSE,15,GEN,FALSE,FALSE,"PATRICIA \""PAT\"" KEMP",DEMOCRAT,FALSE,TOTAL,152361,347695,FALSE,20250910,FALSE
2024,FLORIDA,FL,12,59,43,US HOUSE,16,GEN,FALSE,FALSE,JAN SCHNEIDER,DEMOCRAT,FALSE,TOTAL,168625,416141,FALSE,20250910,FALSE
2024,FLORIDA,FL,12,59,43,US HOUSE,16,GEN,FALSE,FALSE,VERN BUCHANAN,REPUBLICAN,FALSE,TOTAL,247516,416141,FALSE,20250910,FALSE
2024,FLORIDA,FL,12,59,43,US HOUSE,17,GEN,FALSE,FALSE,MANNY LOPEZ,DEMOCRAT,FALSE,TOTAL,164566,455921,FALSE,20250910,FALSE
2024,FLORIDA,FL,12,59,43,US HOUSE,17,GEN,FALSE,FALSE,RALPH E. HARTMAN,NA,TRUE,TOTAL,8,455921,FALSE,20250910,FALSE
2024,FLORIDA,FL,12,59,43,US HOUSE,17,GEN,FALSE,FALSE,W. GREGORY STEUBE,REPUBLICAN,FALSE,TOTAL,291347,455921,FALSE,20250910,FALSE
2024,FLORIDA,FL,12,59,43,US HOUSE,18,GEN,FALSE,FALSE,ANDREA DORIA KALE,DEMOCRAT,FALSE,TOTAL,119637,344807,FALSE,20250910,FALSE
2024,FLORIDA,FL,12,59,43,US HOUSE,18,GEN,FALSE,FALSE,SCOTT FRANKLIN,REPUBLICAN,FALSE,TOTAL,225170,344807,FALSE,20250910,FALSE
2024,FLORIDA,FL,12,59,43,US HOUSE,19,GEN,FALSE,FALSE,BYRON DONALDS,REPUBLICAN,FALSE,TOTAL,275708,415746,FALSE,20250910,FALSE
2024,FLORIDA,FL,12,59,43,US HOUSE,19,GEN,FALSE,FALSE,KARI L. LERNER,DEMOCRAT,FALSE,TOTAL,140038,415746,FALSE,20250910,FALSE
2024,FLORIDA,FL,12,59,43,US HOUSE,20,GEN,FALSE,FALSE,SHEILA CHERFILUS-MCCORMICK,DEMOCRAT,FALSE,TOTAL,1,-1,FALSE,20250910,FALSE
2024,FLORIDA,FL,12,59,43,US HOUSE,21,GEN,FALSE,FALSE,BRIAN J. MAST,REPUBLICAN,FALSE,TOTAL,277435,448766,FALSE,20250910,FALSE
2024,FLORIDA,FL,12,59,43,US HOUSE,21,GEN,FALSE,FALSE,ELIZABETH FELTON,NA,TRUE,TOTAL,19,448766,FALSE,20250910,FALSE
2024,FLORIDA,FL,12,59,43,US HOUSE,21,GEN,FALSE,FALSE,THOMAS WITKOP,DEMOCRAT,FALSE,TOTAL,171312,448766,FALSE,20250910,FALSE
2024,FLORIDA,FL,12,59,43,US HOUSE,22,GEN,FALSE,FALSE,DAN FRANZESE,REPUBLICAN,FALSE,TOTAL,165248,366856,FALSE,20250910,FALSE
2024,FLORIDA,FL,12,59,43,US HOUSE,22,GEN,FALSE,FALSE,LOIS FRANKEL,DEMOCRAT,FALSE,TOTAL,201608,366856,FALSE,20250910,FALSE
2024,FLORIDA,FL,12,59,43,US HOUSE,23,GEN,FALSE,FALSE,JARED MOSKOWITZ,DEMOCRAT,FALSE,TOTAL,196311,374317,FALSE,20250910,FALSE
2024,FLORIDA,FL,12,59,43,US HOUSE,23,GEN,FALSE,FALSE,"JOSEPH \""JOE\"" KAUFMAN",REPUBLICAN,FALSE,TOTAL,178006,374317,FALSE,20250910,FALSE
2024,FLORIDA,FL,12,59,43,US HOUSE,24,GEN,FALSE,FALSE,FREDERICA S. WILSON,DEMOCRAT,FALSE,TOTAL,194874,285588,FALSE,20250910,FALSE
2024,FLORIDA,FL,12,59,43,US HOUSE,24,GEN,FALSE,FALSE,JESUS GABRIEL NAVARRO,REPUBLICAN,FALSE,TOTAL,90692,285588,FALSE,20250910,FALSE
2024,FLORIDA,FL,12,59,43,US HOUSE,24,GEN,FALSE,FALSE,LAVERN SPICER,NA,TRUE,TOTAL,22,285588,FALSE,20250910,FALSE
2024,FLORIDA,FL,12,59,43,US HOUSE,25,GEN,FALSE,FALSE,CHRIS EDDY,REPUBLICAN,FALSE,TOTAL,156208,343191,FALSE,20250910,FALSE
2024,FLORIDA,FL,12,59,43,US HOUSE,25,GEN,FALSE,FALSE,DEBBIE WASSERMAN SCHULTZ,DEMOCRAT,FALSE,TOTAL,186942,343191,FALSE,20250910,FALSE
2024,FLORIDA,FL,12,59,43,US HOUSE,25,GEN,FALSE,FALSE,EDDIE GOLDFARB,NA,TRUE,TOTAL,41,343191,FALSE,20250910,FALSE
2024,FLORIDA,FL,12,59,43,US HOUSE,26,GEN,FALSE,FALSE,JOEY ATKINS,DEMOCRAT,FALSE,TOTAL,89072,306271,FALSE,20250910,FALSE
2024,FLORIDA,FL,12,59,43,US HOUSE,26,GEN,FALSE,FALSE,MARIO DIAZ-BALART,REPUBLICAN,FALSE,TOTAL,217199,306271,FALSE,20250910,FALSE
2024,FLORIDA,FL,12,59,43,US HOUSE,27,GEN,FALSE,FALSE,LUCIA BAEZ-GELLER,DEMOCRAT,FALSE,TOTAL,130708,329867,FALSE,20250910,FALSE
2024,FLORIDA,FL,12,59,43,US HOUSE,27,GEN,FALSE,FALSE,MARIA ELVIRA SALAZAR,REPUBLICAN,FALSE,TOTAL,199159,329867,FALSE,20250910,FALSE
2024,FLORIDA,FL,12,59,43,US HOUSE,28,GEN,FALSE,FALSE,CARLOS A. GIMENEZ,REPUBLICAN,FALSE,TOTAL,210057,325337,FALSE,20250910,FALSE
2024,FLORIDA,FL,12,59,43,US HOUSE,28,GEN,FALSE,FALSE,PHIL EHR,DEMOCRAT,FALSE,TOTAL,115280,325337,FALSE,20250910,FALSE
2024,GEORGIA,GA,13,58,44,US HOUSE,1,GEN,FALSE,FALSE,"EARL L. \""BUDDY\"" CARTER",REPUBLICAN,FALSE,TOTAL,220576,355857,FALSE,20250910,FALSE
2024,GEORGIA,GA,13,58,44,US HOUSE,1,GEN,FALSE,FALSE,PATTI HEWITT,DEMOCRAT,FALSE,TOTAL,135281,355857,FALSE,20250910,FALSE
2024,GEORGIA,GA,13,58,44,US HOUSE,2,GEN,FALSE,FALSE,A. WAYNE JOHNSON,REPUBLICAN,FALSE,TOTAL,136473,312501,FALSE,20250910,FALSE
2024,GEORGIA,GA,13,58,44,US HOUSE,2,GEN,FALSE,FALSE,"SANFORD D. BISHOP, JR.",DEMOCRAT,FALSE,TOTAL,176028,312501,FALSE,20250910,FALSE
2024,GEORGIA,GA,13,58,44,US HOUSE,3,GEN,FALSE,FALSE,BRIAN JACK,REPUBLICAN,FALSE,TOTAL,273036,411785,FALSE,20250910,FALSE
2024,GEORGIA,GA,13,58,44,US HOUSE,3,GEN,FALSE,FALSE,MAURA KELLER,DEMOCRAT,FALSE,TOTAL,138749,411785,FALSE,20250910,FALSE
2024,GEORGIA,GA,13,58,44,US HOUSE,4,GEN,FALSE,FALSE,EUGENE YU,REPUBLICAN,FALSE,TOTAL,74071,303361,FALSE,20250910,FALSE
2024,GEORGIA,GA,13,58,44,US HOUSE,4,GEN,FALSE,FALSE,"HENRY C. \""HANK\"" JOHNSON, JR.",DEMOCRAT,FALSE,TOTAL,229290,303361,FALSE,20250910,FALSE
2024,GEORGIA,GA,13,58,44,US HOUSE,5,GEN,FALSE,FALSE,"JOHN \""BONGO\"" SALVESEN",REPUBLICAN,FALSE,TOTAL,49221,343691,FALSE,20250910,FALSE
2024,GEORGIA,GA,13,58,44,US HOUSE,5,GEN,FALSE,FALSE,NIKEMA WILLIAMS,DEMOCRAT,FALSE,TOTAL,294470,343691,FALSE,20250910,FALSE
2024,GEORGIA,GA,13,58,44,US HOUSE,6,GEN,FALSE,FALSE,JEFF CRISWELL,REPUBLICAN,FALSE,TOTAL,93909,370936,FALSE,20250910,FALSE
2024,GEORGIA,GA,13,58,44,US HOUSE,6,GEN,FALSE,FALSE,LUCY MCBATH,DEMOCRAT,FALSE,TOTAL,277027,370936,FALSE,20250910,FALSE
2024,GEORGIA,GA,13,58,44,US HOUSE,7,GEN,FALSE,FALSE,BOB CHRISTIAN,DEMOCRAT,FALSE,TOTAL,149535,425442,FALSE,20250910,FALSE
2024,GEORGIA,GA,13,58,44,US HOUSE,7,GEN,FALSE,FALSE,RICHARD MCCORMICK,REPUBLICAN,FALSE,TOTAL,275907,425442,FALSE,20250910,FALSE
2024,GEORGIA,GA,13,58,44,US HOUSE,8,GEN,FALSE,FALSE,AUSTIN SCOTT,REPUBLICAN,FALSE,TOTAL,231547,335981,FALSE,20250910,FALSE
2024,GEORGIA,GA,13,58,44,US HOUSE,8,GEN,FALSE,FALSE,DARRIUS BUTLER,DEMOCRAT,FALSE,TOTAL,104434,335981,FALSE,20250910,FALSE
2024,GEORGIA,GA,13,58,44,US HOUSE,9,GEN,FALSE,FALSE,ANDREW S. CLYDE,REPUBLICAN,FALSE,TOTAL,271062,392816,FALSE,20250910,FALSE
2024,GEORGIA,GA,13,58,44,US HOUSE,9,GEN,FALSE,FALSE,TAMBREI CASH,DEMOCRAT,FALSE,TOTAL,121754,392816,FALSE,20250910,FALSE
2024,GEORGIA,GA,13,58,44,US HOUSE,10,GEN,FALSE,FALSE,"ALEXANDRA \""LEXY\"" DOHERTY",DEMOCRAT,FALSE,TOTAL,150274,406716,FALSE,20250910,FALSE
2024,GEORGIA,GA,13,58,44,US HOUSE,10,GEN,FALSE,FALSE,MIKE COLLINS,REPUBLICAN,FALSE,TOTAL,256442,406716,FALSE,20250910,FALSE
2024,GEORGIA,GA,13,58,44,US HOUSE,11,GEN,FALSE,FALSE,BARRY LOUDERMILK,REPUBLICAN,FALSE,TOTAL,269849,400913,FALSE,20250910,FALSE
2024,GEORGIA,GA,13,58,44,US HOUSE,11,GEN,FALSE,FALSE,"KATY \""KATE\"" L. STAMPER",DEMOCRAT,FALSE,TOTAL,131064,400913,FALSE,20250910,FALSE
2024,GEORGIA,GA,13,58,44,US HOUSE,12,GEN,FALSE,FALSE,"ELIZABETH \""LIZ\"" JOHNSON",DEMOCRAT,FALSE,TOTAL,135417,341266,FALSE,20250910,FALSE
2024,GEORGIA,GA,13,58,44,US HOUSE,12,GEN,FALSE,FALSE,RICK W. ALLEN,REPUBLICAN,FALSE,TOTAL,205849,341266,FALSE,20250910,FALSE
2024,GEORGIA,GA,13,58,44,US HOUSE,13,GEN,FALSE,FALSE,DAVID SCOTT,DEMOCRAT,FALSE,TOTAL,256902,357632,FALSE,20250910,FALSE
2024,GEORGIA,GA,13,58,44,US HOUSE,13,GEN,FALSE,FALSE,JONATHAN CHAVEZ,REPUBLICAN,FALSE,TOTAL,100730,357632,FALSE,20250910,FALSE
2024,GEORGIA,GA,13,58,44,US HOUSE,14,GEN,FALSE,FALSE,MARJORIE TAYLOR GREENE,REPUBLICAN,FALSE,TOTAL,243446,378205,FALSE,20250910,FALSE
2024,GEORGIA,GA,13,58,44,US HOUSE,14,GEN,FALSE,FALSE,SHAWN HARRIS,DEMOCRAT,FALSE,TOTAL,134759,378205,FALSE,20250910,FALSE
2024,HAWAII,HI,15,95,82,US HOUSE,1,GEN,FALSE,FALSE,BLANK VOTES,NA,FALSE,TOTAL,22669,251432,FALSE,20250910,FALSE
2024,HAWAII,HI,15,95,82,US HOUSE,1,GEN,FALSE,FALSE,ED CASE,DEMOCRAT,FALSE,TOTAL,164237,251432,FALSE,20250910,FALSE
2024,HAWAII,HI,15,95,82,US HOUSE,1,GEN,FALSE,FALSE,OVER VOTES,NA,FALSE,TOTAL,153,251432,FALSE,20250910,FALSE
2024,HAWAII,HI,15,95,82,US HOUSE,1,GEN,FALSE,FALSE,PATRICK C. LARGEY,REPUBLICAN,FALSE,TOTAL,64373,251432,FALSE,20250910,FALSE
2024,HAWAII,HI,15,95,82,US HOUSE,2,GEN,FALSE,FALSE,AARON TOMAN,LIBERTARIAN,FALSE,TOTAL,4497,270804,FALSE,20250910,FALSE
2024,HAWAII,HI,15,95,82,US HOUSE,2,GEN,FALSE,FALSE,BLANK VOTES,NA,FALSE,TOTAL,20266,270804,FALSE,20250910,FALSE
2024,HAWAII,HI,15,95,82,US HOUSE,2,GEN,FALSE,FALSE,JILL N. TOKUDA,DEMOCRAT,FALSE,TOTAL,166251,270804,FALSE,20250910,FALSE
2024,HAWAII,HI,15,95,82,US HOUSE,2,GEN,FALSE,FALSE,OVER VOTES,NA,FALSE,TOTAL,382,270804,FALSE,20250910,FALSE
2024,HAWAII,HI,15,95,82,US HOUSE,2,GEN,FALSE,FALSE,RANDALL KELLY MEYER,NONPARTISAN,FALSE,TOTAL,3937,270804,FALSE,20250910,FALSE
2024,HAWAII,HI,15,95,82,US HOUSE,2,GEN,FALSE,FALSE,STEVE BOND,REPUBLICAN,FALSE,TOTAL,75471,270804,FALSE,20250910,FALSE
2024,IDAHO,ID,16,82,63,US HOUSE,1,GEN,FALSE,FALSE,BRENDAN J. GOMEZ,CONSTITUTION,FALSE,TOTAL,6933,489086,FALSE,20250910,FALSE
2024,IDAHO,ID,16,82,63,US HOUSE,1,GEN,FALSE,FALSE,DAVID D. BOT,NA,TRUE,TOTAL,3,489086,FALSE,20250910,FALSE
2024,IDAHO,ID,16,82,63,US HOUSE,1,GEN,FALSE,FALSE,KAYLEE PETERSON,DEMOCRAT,FALSE,TOTAL,118656,489086,FALSE,20250910,FALSE
2024,IDAHO,ID,16,82,63,US HOUSE,1,GEN,FALSE,FALSE,MARGOT DUPRE,NA,TRUE,TOTAL,7,489086,FALSE,20250910,FALSE
2024,IDAHO,ID,16,82,63,US HOUSE,1,GEN,FALSE,FALSE,MATT LOESBY,LIBERTARIAN,FALSE,TOTAL,9594,489086,FALSE,20250910,FALSE
2024,IDAHO,ID,16,82,63,US HOUSE,1,GEN,FALSE,FALSE,OVER VOTES,NA,FALSE,TOTAL,246,489086,FALSE,20250910,FALSE
2024,IDAHO,ID,16,82,63,US HOUSE,1,GEN,FALSE,FALSE,RUSS FULCHER,REPUBLICAN,FALSE,TOTAL,331049,489086,FALSE,20250910,FALSE
2024,IDAHO,ID,16,82,63,US HOUSE,1,GEN,FALSE,FALSE,UNDER VOTES,NA,FALSE,TOTAL,22598,489086,FALSE,20250910,FALSE
2024,IDAHO,ID,16,82,63,US HOUSE,2,GEN,FALSE,FALSE,DAVID ROTH,DEMOCRAT,FALSE,TOTAL,126229,428514,FALSE,20250910,FALSE
2024,IDAHO,ID,16,82,63,US HOUSE,2,GEN,FALSE,FALSE,IDAHO LAW - CARTA SIERRA,CONSTITUTION,FALSE,TOTAL,9804,428514,FALSE,20250910,FALSE
2024,IDAHO,ID,16,82,63,US HOUSE,2,GEN,FALSE,FALSE,MICHAEL K. SIMPSON,REPUBLICAN,FALSE,TOTAL,250119,428514,FALSE,20250910,FALSE
2024,IDAHO,ID,16,82,63,US HOUSE,2,GEN,FALSE,FALSE,OVER VOTES,NA,FALSE,TOTAL,552,428514,FALSE,20250910,FALSE
2024,IDAHO,ID,16,82,63,US HOUSE,2,GEN,FALSE,FALSE,TODD CORSETTI,LIBERTARIAN,FALSE,TOTAL,21310,428514,FALSE,20250910,FALSE
2024,IDAHO,ID,16,82,63,US HOUSE,2,GEN,FALSE,FALSE,UNDER VOTES,NA,FALSE,TOTAL,20500,428514,FALSE,20250910,FALSE
2024,ILLINOIS,IL,17,33,21,US HOUSE,1,GEN,FALSE,FALSE,HILARY MYRICK-WINSTON,NA,TRUE,TOTAL,45,316507,FALSE,20250910,FALSE
2024,ILLINOIS,IL,17,33,21,US HOUSE,1,GEN,FALSE,FALSE,JONATHAN L. JACKSON,DEMOCRAT,FALSE,TOTAL,208398,316507,FALSE,20250910,FALSE
2024,ILLINOIS,IL,17,33,21,US HOUSE,1,GEN,FALSE,FALSE,MARCUS LEWIS,REPUBLICAN,FALSE,TOTAL,108064,316507,FALSE,20250910,FALSE
2024,ILLINOIS,IL,17,33,21,US HOUSE,2,GEN,FALSE,FALSE,ASHLEY RAMOS,REPUBLICAN,FALSE,TOTAL,94004,289843,FALSE,20250910,FALSE
2024,ILLINOIS,IL,17,33,21,US HOUSE,2,GEN,FALSE,FALSE,HILARY MYRICK-WINSTON,NA,TRUE,TOTAL,29,289843,FALSE,20250910,FALSE
2024,ILLINOIS,IL,17,33,21,US HOUSE,2,GEN,FALSE,FALSE,MIKE VICK,NA,TRUE,TOTAL,33,289843,FALSE,20250910,FALSE
2024,ILLINOIS,IL,17,33,21,US HOUSE,2,GEN,FALSE,FALSE,ROBIN L. KELLY,DEMOCRAT,FALSE,TOTAL,195777,289843,FALSE,20250910,FALSE
2024,ILLINOIS,IL,17,33,21,US HOUSE,3,GEN,FALSE,FALSE,ANGEL OAKLEY,NA,TRUE,TOTAL,96,259908,FALSE,20250910,FALSE
2024,ILLINOIS,IL,17,33,21,US HOUSE,3,GEN,FALSE,FALSE,DELIA C. RAMIREZ,DEMOCRAT,FALSE,TOTAL,174825,259908,FALSE,20250910,FALSE
2024,ILLINOIS,IL,17,33,21,US HOUSE,3,GEN,FALSE,FALSE,JOHN BOORAS,REPUBLICAN,FALSE,TOTAL,84987,259908,FALSE,20250910,FALSE
2024,ILLINOIS,IL,17,33,21,US HOUSE,4,GEN,FALSE,FALSE,ALICIA MARTINEZ,NA,TRUE,TOTAL,26,206396,FALSE,20250910,FALSE
2024,ILLINOIS,IL,17,33,21,US HOUSE,4,GEN,FALSE,FALSE,ED HERSHEY,WORKING CLASS,FALSE,TOTAL,10704,206396,FALSE,20250910,FALSE
2024,ILLINOIS,IL,17,33,21,US HOUSE,4,GEN,FALSE,FALSE,"JESúS G. \""CHUY\"" GARCíA",DEMOCRAT,FALSE,TOTAL,139343,206396,FALSE,20250910,FALSE
2024,ILLINOIS,IL,17,33,21,US HOUSE,4,GEN,FALSE,FALSE,LUPE CASTILLO,REPUBLICAN,FALSE,TOTAL,56323,206396,FALSE,20250910,FALSE
2024,ILLINOIS,IL,17,33,21,US HOUSE,5,GEN,FALSE,FALSE,FRANK ROWDER,NA,TRUE,TOTAL,9,363965,FALSE,20250910,FALSE
2024,ILLINOIS,IL,17,33,21,US HOUSE,5,GEN,FALSE,FALSE,MIKE QUIGLEY,DEMOCRAT,FALSE,TOTAL,251025,363965,FALSE,20250910,FALSE
2024,ILLINOIS,IL,17,33,21,US HOUSE,5,GEN,FALSE,FALSE,TOMMY HANSON,REPUBLICAN,FALSE,TOTAL,112931,363965,FALSE,20250910,FALSE
2024,ILLINOIS,IL,17,33,21,US HOUSE,6,GEN,FALSE,FALSE,NIKI CONFORTI,REPUBLICAN,FALSE,TOTAL,166116,362849,FALSE,20250910,FALSE
2024,ILLINOIS,IL,17,33,21,US HOUSE,6,GEN,FALSE,FALSE,"PETER J. MEYER, JR.",NA,TRUE,TOTAL,86,362849,FALSE,20250910,FALSE
2024,ILLINOIS,IL,17,33,21,US HOUSE,6,GEN,FALSE,FALSE,SEAN CASTEN,DEMOCRAT,FALSE,TOTAL,196647,362849,FALSE,20250910,FALSE
2024,ILLINOIS,IL,17,33,21,US HOUSE,7,GEN,FALSE,FALSE,CHAD KOPPIE,REPUBLICAN,FALSE,TOTAL,44598,267152,FALSE,20250910,FALSE
2024,ILLINOIS,IL,17,33,21,US HOUSE,7,GEN,FALSE,FALSE,DANNY K. DAVIS,DEMOCRAT,FALSE,TOTAL,222408,267152,FALSE,20250910,FALSE
2024,ILLINOIS,IL,17,33,21,US HOUSE,7,GEN,FALSE,FALSE,LIEN CHOI,NA,TRUE,TOTAL,133,267152,FALSE,20250910,FALSE
2024,ILLINOIS,IL,17,33,21,US HOUSE,7,GEN,FALSE,FALSE,LOWELL MARTIN SEIDA,NA,TRUE,TOTAL,13,267152,FALSE,20250910,FALSE
2024,ILLINOIS,IL,17,33,21,US HOUSE,8,GEN,FALSE,FALSE,MARK RICE,REPUBLICAN,FALSE,TOTAL,130153,303073,FALSE,20250910,FALSE
2024,ILLINOIS,IL,17,33,21,US HOUSE,8,GEN,FALSE,FALSE,RAJA KRISHNAMOORTHI,DEMOCRAT,FALSE,TOTAL,172920,303073,FALSE,20250910,FALSE
2024,ILLINOIS,IL,17,33,21,US HOUSE,9,GEN,FALSE,FALSE,JANICE D. SCHAKOWSKY,DEMOCRAT,FALSE,TOTAL,231722,338828,FALSE,20250910,FALSE
2024,ILLINOIS,IL,17,33,21,US HOUSE,9,GEN,FALSE,FALSE,SETH ALAN COHEN,REPUBLICAN,FALSE,TOTAL,107106,338828,FALSE,20250910,FALSE
2024,ILLINOIS,IL,17,33,21,US HOUSE,10,GEN,FALSE,FALSE,BRADLEY SCOTT SCHNEIDER,DEMOCRAT,FALSE,TOTAL,196358,327621,FALSE,20250910,FALSE
2024,ILLINOIS,IL,17,33,21,US HOUSE,10,GEN,FALSE,FALSE,JIM CARRIS,REPUBLICAN,FALSE,TOTAL,131025,327621,FALSE,20250910,FALSE
2024,ILLINOIS,IL,17,33,21,US HOUSE,10,GEN,FALSE,FALSE,JOSEPH SEVERINO,NA,TRUE,TOTAL,238,327621,FALSE,20250910,FALSE
2024,ILLINOIS,IL,17,33,21,US HOUSE,11,GEN,FALSE,FALSE,ANNA SCHIEFELBEIN,NA,TRUE,TOTAL,229,359684,FALSE,20250910,FALSE
2024,ILLINOIS,IL,17,33,21,US HOUSE,11,GEN,FALSE,FALSE,BILL FOSTER,DEMOCRAT,FALSE,TOTAL,199825,359684,FALSE,20250910,FALSE
2024,ILLINOIS,IL,17,33,21,US HOUSE,11,GEN,FALSE,FALSE,JERRY EVANS,REPUBLICAN,FALSE,TOTAL,159630,359684,FALSE,20250910,FALSE
2024,ILLINOIS,IL,17,33,21,US HOUSE,12,GEN,FALSE,FALSE,BRIAN ROBERTS,DEMOCRAT,FALSE,TOTAL,94875,367629,FALSE,20250910,FALSE
2024,ILLINOIS,IL,17,33,21,US HOUSE,12,GEN,FALSE,FALSE,MIKE BOST,REPUBLICAN,FALSE,TOTAL,272754,367629,FALSE,20250910,FALSE
2024,ILLINOIS,IL,17,33,21,US HOUSE,13,GEN,FALSE,FALSE,CHIBUIHE ASONYE,NA,TRUE,TOTAL,244,329500,FALSE,20250910,FALSE
2024,ILLINOIS,IL,17,33,21,US HOUSE,13,GEN,FALSE,FALSE,JOSHUA LOYD,REPUBLICAN,FALSE,TOTAL,137917,329500,FALSE,20250910,FALSE
2024,ILLINOIS,IL,17,33,21,US HOUSE,13,GEN,FALSE,FALSE,NIKKI BUDZINSKI,DEMOCRAT,FALSE,TOTAL,191339,329500,FALSE,20250910,FALSE
2024,ILLINOIS,IL,17,33,21,US HOUSE,14,GEN,FALSE,FALSE,CONSTANT CONNOR VLAKANCIC,NA,TRUE,TOTAL,3,332929,FALSE,20250910,FALSE
2024,ILLINOIS,IL,17,33,21,US HOUSE,14,GEN,FALSE,FALSE,"JAMES T. \""JIM\"" MARTER",REPUBLICAN,FALSE,TOTAL,149464,332929,FALSE,20250910,FALSE
2024,ILLINOIS,IL,17,33,21,US HOUSE,14,GEN,FALSE,FALSE,LAUREN UNDERWOOD,DEMOCRAT,FALSE,TOTAL,183446,332929,FALSE,20250910,FALSE
2024,ILLINOIS,IL,17,33,21,US HOUSE,14,GEN,FALSE,FALSE,ROY JONES,NA,TRUE,TOTAL,16,332929,FALSE,20250910,FALSE
2024,ILLINOIS,IL,17,33,21,US HOUSE,15,GEN,FALSE,FALSE,MARY E. MILLER,REPUBLICAN,FALSE,TOTAL,308825,310234,FALSE,20250910,FALSE
2024,ILLINOIS,IL,17,33,21,US HOUSE,15,GEN,FALSE,FALSE,WILLIAM BONNETT,NA,TRUE,TOTAL,1409,310234,FALSE,20250910,FALSE
2024,ILLINOIS,IL,17,33,21,US HOUSE,16,GEN,FALSE,FALSE,DARIN LAHOOD,REPUBLICAN,FALSE,TOTAL,310925,311108,FALSE,20250910,FALSE
2024,ILLINOIS,IL,17,33,21,US HOUSE,16,GEN,FALSE,FALSE,SCOTT SUMMERS,NA,TRUE,TOTAL,183,311108,FALSE,20250910,FALSE
2024,ILLINOIS,IL,17,33,21,US HOUSE,17,GEN,FALSE,FALSE,ERIC SORENSEN,DEMOCRAT,FALSE,TOTAL,170261,312828,FALSE,20250910,FALSE
2024,ILLINOIS,IL,17,33,21,US HOUSE,17,GEN,FALSE,FALSE,JOE MCGRAW,REPUBLICAN,FALSE,TOTAL,142567,312828,FALSE,20250910,FALSE
2024,INDIANA,IN,18,32,22,US HOUSE,1,GEN,FALSE,FALSE,DAKOTAH MISKUS,LIBERTARIAN,FALSE,TOTAL,5200,322723,FALSE,20250910,FALSE
2024,INDIANA,IN,18,32,22,US HOUSE,1,GEN,FALSE,FALSE,FRANK J. MRVAN,DEMOCRAT,FALSE,TOTAL,172467,322723,FALSE,20250910,FALSE
2024,INDIANA,IN,18,32,22,US HOUSE,1,GEN,FALSE,FALSE,RANDY NIEMEYER,REPUBLICAN,FALSE,TOTAL,145056,322723,FALSE,20250910,FALSE
2024,INDIANA,IN,18,32,22,US HOUSE,2,GEN,FALSE,FALSE,LORI A. CAMP,DEMOCRAT,FALSE,TOTAL,101962,294618,FALSE,20250910,FALSE
2024,INDIANA,IN,18,32,22,US HOUSE,2,GEN,FALSE,FALSE,MICHAEL JOHN HUBBARD,INDEPENDENT,TRUE,TOTAL,13,294618,FALSE,20250910,FALSE
2024,INDIANA,IN,18,32,22,US HOUSE,2,GEN,FALSE,FALSE,RUDY YAKYM III,REPUBLICAN,FALSE,TOTAL,184848,294618,FALSE,20250910,FALSE
2024,INDIANA,IN,18,32,22,US HOUSE,2,GEN,FALSE,FALSE,WILLIAM E. HENRY,LIBERTARIAN,FALSE,TOTAL,7795,294618,FALSE,20250910,FALSE
2024,INDIANA,IN,18,32,22,US HOUSE,3,GEN,FALSE,FALSE,JARRAD LANCASTER,LIBERTARIAN,FALSE,TOTAL,11015,311539,FALSE,20250910,FALSE
2024,INDIANA,IN,18,32,22,US HOUSE,3,GEN,FALSE,FALSE,KILEY M. ADOLPH,DEMOCRAT,FALSE,TOTAL,97871,311539,FALSE,20250910,FALSE
2024,INDIANA,IN,18,32,22,US HOUSE,3,GEN,FALSE,FALSE,MARLIN A. STUTZMAN,REPUBLICAN,FALSE,TOTAL,202653,311539,FALSE,20250910,FALSE
2024,INDIANA,IN,18,32,22,US HOUSE,4,GEN,FALSE,FALSE,ASHLEY GROFF,LIBERTARIAN,FALSE,TOTAL,13710,323595,FALSE,20250910,FALSE
2024,INDIANA,IN,18,32,22,US HOUSE,4,GEN,FALSE,FALSE,DERRICK HOLDER,DEMOCRAT,FALSE,TOTAL,100091,323595,FALSE,20250910,FALSE
2024,INDIANA,IN,18,32,22,US HOUSE,4,GEN,FALSE,FALSE,JAMES R. BAIRD,REPUBLICAN,FALSE,TOTAL,209794,323595,FALSE,20250910,FALSE
2024,INDIANA,IN,18,32,22,US HOUSE,5,GEN,FALSE,FALSE,DEBORAH A. PICKETT,DEMOCRAT,FALSE,TOTAL,136554,359204,FALSE,20250910,FALSE
2024,INDIANA,IN,18,32,22,US HOUSE,5,GEN,FALSE,FALSE,LAURI SHILLINGS,LIBERTARIAN,FALSE,TOTAL,9567,359204,FALSE,20250910,FALSE
2024,INDIANA,IN,18,32,22,US HOUSE,5,GEN,FALSE,FALSE,ROBBY SLAUGHTER,INDEPENDENT,FALSE,TOTAL,9790,359204,FALSE,20250910,FALSE
2024,INDIANA,IN,18,32,22,US HOUSE,5,GEN,FALSE,FALSE,VICTORIA SPARTZ,REPUBLICAN,FALSE,TOTAL,203293,359204,FALSE,20250910,FALSE
2024,INDIANA,IN,18,32,22,US HOUSE,6,GEN,FALSE,FALSE,"CYNTHIA \""CINDE\"" WIRTH",DEMOCRAT,FALSE,TOTAL,99841,314909,FALSE,20250910,FALSE
2024,INDIANA,IN,18,32,22,US HOUSE,6,GEN,FALSE,FALSE,JAMES MICHAEL SCENIAK,LIBERTARIAN,FALSE,TOTAL,13711,314909,FALSE,20250910,FALSE
2024,INDIANA,IN,18,32,22,US HOUSE,6,GEN,FALSE,FALSE,JEFFERSON SHREVE,REPUBLICAN,FALSE,TOTAL,201357,314909,FALSE,20250910,FALSE
2024,INDIANA,IN,18,32,22,US HOUSE,7,GEN,FALSE,FALSE,ANDRé CARSON,DEMOCRAT,FALSE,TOTAL,185987,272148,FALSE,20250910,FALSE
2024,INDIANA,IN,18,32,22,US HOUSE,7,GEN,FALSE,FALSE,JOHN P. SCHMITZ,REPUBLICAN,FALSE,TOTAL,78792,272148,FALSE,20250910,FALSE
2024,INDIANA,IN,18,32,22,US HOUSE,7,GEN,FALSE,FALSE,RUSTY JOHNSON,LIBERTARIAN,FALSE,TOTAL,7369,272148,FALSE,20250910,FALSE
2024,INDIANA,IN,18,32,22,US HOUSE,8,GEN,FALSE,FALSE,ERIK HURT,DEMOCRAT,FALSE,TOTAL,95311,323633,FALSE,20250910,FALSE
2024,INDIANA,IN,18,32,22,US HOUSE,8,GEN,FALSE,FALSE,K. RICHARD FITZLAFF,LIBERTARIAN,FALSE,TOTAL,8381,323633,FALSE,20250910,FALSE
2024,INDIANA,IN,18,32,22,US HOUSE,8,GEN,FALSE,FALSE,MARK MESSMER,REPUBLICAN,FALSE,TOTAL,219941,323633,FALSE,20250910,FALSE
2024,INDIANA,IN,18,32,22,US HOUSE,9,GEN,FALSE,FALSE,ERIN HOUCHIN,REPUBLICAN,FALSE,TOTAL,222884,345738,FALSE,20250910,FALSE
2024,INDIANA,IN,18,32,22,US HOUSE,9,GEN,FALSE,FALSE,"RUSSELL \""RUSS\"" BROOKSBANK",LIBERTARIAN,FALSE,TOTAL,9454,345738,FALSE,20250910,FALSE
2024,INDIANA,IN,18,32,22,US HOUSE,9,GEN,FALSE,FALSE,"TIMOTHY \""TIM\"" PECK",DEMOCRAT,FALSE,TOTAL,113400,345738,FALSE,20250910,FALSE
2024,IOWA,IA,19,42,31,US HOUSE,1,GEN,FALSE,FALSE,CHRISTINA BOHANNAN,DEMOCRAT,FALSE,TOTAL,206156,414078,FALSE,20250910,FALSE
2024,IOWA,IA,19,42,31,US HOUSE,1,GEN,FALSE,FALSE,MARIANNETTE MILLER-MEEKS,REPUBLICAN,FALSE,TOTAL,206955,414078,FALSE,20250910,FALSE
2024,IOWA,IA,19,42,31,US HOUSE,1,GEN,FALSE,FALSE,WRITEIN,NA,TRUE,TOTAL,967,414078,FALSE,20250910,FALSE
2024,IOWA,IA,19,42,31,US HOUSE,2,GEN,FALSE,FALSE,ASHLEY HINSON,REPUBLICAN,FALSE,TOTAL,233340,408802,FALSE,20250910,FALSE
2024,IOWA,IA,19,42,31,US HOUSE,2,GEN,FALSE,FALSE,JODY MADLOM PUFFETT,NO PARTY,FALSE,TOTAL,5381,408802,FALSE,20250910,FALSE
2024,IOWA,IA,19,42,31,US HOUSE,2,GEN,FALSE,FALSE,SARAH CORKERY,DEMOCRAT,FALSE,TOTAL,169740,408802,FALSE,20250910,FALSE
2024,IOWA,IA,19,42,31,US HOUSE,2,GEN,FALSE,FALSE,WRITEIN,NA,TRUE,TOTAL,341,408802,FALSE,20250910,FALSE
2024,IOWA,IA,19,42,31,US HOUSE,3,GEN,FALSE,FALSE,LANON BACCAM,DEMOCRAT,FALSE,TOTAL,197962,412905,FALSE,20250910,FALSE
2024,IOWA,IA,19,42,31,US HOUSE,3,GEN,FALSE,FALSE,WRITEIN,NA,TRUE,TOTAL,1197,412905,FALSE,20250910,FALSE
2024,IOWA,IA,19,42,31,US HOUSE,3,GEN,FALSE,FALSE,ZACHARY NUNN,REPUBLICAN,FALSE,TOTAL,213746,412905,FALSE,20250910,FALSE
2024,IOWA,IA,19,42,31,US HOUSE,4,GEN,FALSE,FALSE,RANDY FEENSTRA,REPUBLICAN,FALSE,TOTAL,250522,373824,FALSE,20250910,FALSE
2024,IOWA,IA,19,42,31,US HOUSE,4,GEN,FALSE,FALSE,RYAN MELTON,DEMOCRAT,FALSE,TOTAL,122175,373824,FALSE,20250910,FALSE
2024,IOWA,IA,19,42,31,US HOUSE,4,GEN,FALSE,FALSE,WRITEIN,NA,TRUE,TOTAL,1127,373824,FALSE,20250910,FALSE
2024,KANSAS,KS,20,47,32,US HOUSE,1,GEN,FALSE,FALSE,PAUL BUSKIRK,DEMOCRAT,FALSE,TOTAL,93965,304458,FALSE,20250910,FALSE
2024,KANSAS,KS,20,47,32,US HOUSE,1,GEN,FALSE,FALSE,TRACEY MANN,REPUBLICAN,FALSE,TOTAL,210493,304458,FALSE,20250910,FALSE
2024,KANSAS,KS,20,47,32,US HOUSE,2,GEN,FALSE,FALSE,DEREK SCHMIDT,REPUBLICAN,FALSE,TOTAL,172847,302761,FALSE,20250910,FALSE
2024,KANSAS,KS,20,47,32,US HOUSE,2,GEN,FALSE,FALSE,JOHN HAUER,LIBERTARIAN,FALSE,TOTAL,14229,302761,FALSE,20250910,FALSE
2024,KANSAS,KS,20,47,32,US HOUSE,2,GEN,FALSE,FALSE,NANCY BOYDA,DEMOCRAT,FALSE,TOTAL,115685,302761,FALSE,20250910,FALSE
2024,KANSAS,KS,20,47,32,US HOUSE,3,GEN,FALSE,FALSE,PRASANTH REDDY,REPUBLICAN,FALSE,TOTAL,167570,393333,FALSE,20250910,FALSE
2024,KANSAS,KS,20,47,32,US HOUSE,3,GEN,FALSE,FALSE,SHARICE DAVIDS,DEMOCRAT,FALSE,TOTAL,209871,393333,FALSE,20250910,FALSE
2024,KANSAS,KS,20,47,32,US HOUSE,3,GEN,FALSE,FALSE,STEVE ROBERTS,LIBERTARIAN,FALSE,TOTAL,15892,393333,FALSE,20250910,FALSE
2024,KANSAS,KS,20,47,32,US HOUSE,4,GEN,FALSE,FALSE,ESAU FREEMAN,DEMOCRAT,FALSE,TOTAL,106632,305097,FALSE,20250910,FALSE
2024,KANSAS,KS,20,47,32,US HOUSE,4,GEN,FALSE,FALSE,RON ESTES,REPUBLICAN,FALSE,TOTAL,198465,305097,FALSE,20250910,FALSE
2024,KENTUCKY,KY,21,61,51,US HOUSE,1,GEN,FALSE,FALSE,ERIN MARSHALL,DEMOCRAT,FALSE,TOTAL,85524,338253,FALSE,20250910,FALSE
2024,KENTUCKY,KY,21,61,51,US HOUSE,1,GEN,FALSE,FALSE,JAMES COMER,REPUBLICAN,FALSE,TOTAL,252729,338253,FALSE,20250910,FALSE
2024,KENTUCKY,KY,21,61,51,US HOUSE,2,GEN,FALSE,FALSE,BRETT GUTHRIE,REPUBLICAN,FALSE,TOTAL,252826,345855,FALSE,20250910,FALSE
2024,KENTUCKY,KY,21,61,51,US HOUSE,2,GEN,FALSE,FALSE,HANK LINDERMAN,DEMOCRAT,FALSE,TOTAL,93029,345855,FALSE,20250910,FALSE
2024,KENTUCKY,KY,21,61,51,US HOUSE,3,GEN,FALSE,FALSE,DANIEL COBBLE,NA,TRUE,TOTAL,27,327864,FALSE,20250910,FALSE
2024,KENTUCKY,KY,21,61,51,US HOUSE,3,GEN,FALSE,FALSE,JARED RANDALL,NA,TRUE,TOTAL,24,327864,FALSE,20250910,FALSE
2024,KENTUCKY,KY,21,61,51,US HOUSE,3,GEN,FALSE,FALSE,MIKE CRAVEN,REPUBLICAN,FALSE,TOTAL,124713,327864,FALSE,20250910,FALSE
2024,KENTUCKY,KY,21,61,51,US HOUSE,3,GEN,FALSE,FALSE,MORGAN MCGARVEY,DEMOCRAT,FALSE,TOTAL,203100,327864,FALSE,20250910,FALSE
2024,KENTUCKY,KY,21,61,51,US HOUSE,4,GEN,FALSE,FALSE,BENJAMIN AUGUST MIDDENDORF,NA,TRUE,TOTAL,1131,279517,FALSE,20250910,FALSE
2024,KENTUCKY,KY,21,61,51,US HOUSE,4,GEN,FALSE,FALSE,THOMAS MASSIE,REPUBLICAN,FALSE,TOTAL,278386,279517,FALSE,20250910,FALSE
2024,KENTUCKY,KY,21,61,51,US HOUSE,5,GEN,FALSE,FALSE,HAROLD ROGERS,REPUBLICAN,FALSE,TOTAL,261407,261407,FALSE,20250910,FALSE
2024,KENTUCKY,KY,21,61,51,US HOUSE,6,GEN,FALSE,FALSE,ANDY BARR,REPUBLICAN,FALSE,TOTAL,222293,352638,FALSE,20250910,FALSE
2024,KENTUCKY,KY,21,61,51,US HOUSE,6,GEN,FALSE,FALSE,RANDY CRAVENS,DEMOCRAT,FALSE,TOTAL,130345,352638,FALSE,20250910,FALSE
2024,LOUISIANA,LA,22,72,45,US HOUSE,1,GEN,FALSE,FALSE,"J. \""FRANKIE\"" HYERS",NO PARTY,FALSE,TOTAL,6781,357720,FALSE,20250910,FALSE
2024,LOUISIANA,LA,22,72,45,US HOUSE,1,GEN,FALSE,FALSE,MEL MANUEL,DEMOCRAT,FALSE,TOTAL,85911,357720,FALSE,20250910,FALSE
2024,LOUISIANA,LA,22,72,45,US HOUSE,1,GEN,FALSE,FALSE,RANDALL ARRINGTON,REPUBLICAN,FALSE,TOTAL,17856,357720,FALSE,20250910,FALSE
2024,LOUISIANA,LA,22,72,45,US HOUSE,1,GEN,FALSE,FALSE,ROSS SHALES,REPUBLICAN,FALSE,TOTAL,8330,357720,FALSE,20250910,FALSE
2024,LOUISIANA,LA,22,72,45,US HOUSE,1,GEN,FALSE,FALSE,STEVE SCALISE,REPUBLICAN,FALSE,TOTAL,238842,357720,FALSE,20250910,FALSE
2024,LOUISIANA,LA,22,72,45,US HOUSE,2,GEN,FALSE,FALSE,CHRISTY LYNCH,REPUBLICAN,FALSE,TOTAL,41641,305184,FALSE,20250910,FALSE
2024,LOUISIANA,LA,22,72,45,US HOUSE,2,GEN,FALSE,FALSE,DEVIN DAVIS,DEMOCRAT,FALSE,TOTAL,32482,305184,FALSE,20250910,FALSE
2024,LOUISIANA,LA,22,72,45,US HOUSE,2,GEN,FALSE,FALSE,DEVIN LANCE GRAHAM,REPUBLICAN,FALSE,TOTAL,39174,305184,FALSE,20250910,FALSE
2024,LOUISIANA,LA,22,72,45,US HOUSE,2,GEN,FALSE,FALSE,SHONDRELL PERRILLOUX,REPUBLICAN,FALSE,TOTAL,7878,305184,FALSE,20250910,FALSE
2024,LOUISIANA,LA,22,72,45,US HOUSE,2,GEN,FALSE,FALSE,TROY A. CARTER,DEMOCRAT,FALSE,TOTAL,184009,305184,FALSE,20250910,FALSE
2024,LOUISIANA,LA,22,72,45,US HOUSE,3,GEN,FALSE,FALSE,CLAY HIGGINS,REPUBLICAN,FALSE,TOTAL,226279,320682,FALSE,20250910,FALSE
2024,LOUISIANA,LA,22,72,45,US HOUSE,3,GEN,FALSE,FALSE,PRISCILLA GONZALEZ,DEMOCRAT,FALSE,TOTAL,59834,320682,FALSE,20250910,FALSE
2024,LOUISIANA,LA,22,72,45,US HOUSE,3,GEN,FALSE,FALSE,SADI SUMMERLIN,DEMOCRAT,FALSE,TOTAL,21323,320682,FALSE,20250910,FALSE
2024,LOUISIANA,LA,22,72,45,US HOUSE,3,GEN,FALSE,FALSE,"\""XAN\"" JOHN",REPUBLICAN,FALSE,TOTAL,13246,320682,FALSE,20250910,FALSE
2024,LOUISIANA,LA,22,72,45,US HOUSE,4,GEN,FALSE,FALSE,JOSHUA MOROTT,REPUBLICAN,FALSE,TOTAL,43427,306248,FALSE,20250910,FALSE
2024,LOUISIANA,LA,22,72,45,US HOUSE,4,GEN,FALSE,FALSE,MIKE JOHNSON,REPUBLICAN,FALSE,TOTAL,262821,306248,FALSE,20250910,FALSE
2024,LOUISIANA,LA,22,72,45,US HOUSE,5,GEN,FALSE,FALSE,JULIA LETLOW,REPUBLICAN,FALSE,TOTAL,201037,319851,FALSE,20250910,FALSE
2024,LOUISIANA,LA,22,72,45,US HOUSE,5,GEN,FALSE,FALSE,"M. V. \""VINNY\"" MENDOZA",REPUBLICAN,FALSE,TOTAL,35833,319851,FALSE,20250910,FALSE
2024,LOUISIANA,LA,22,72,45,US HOUSE,5,GEN,FALSE,FALSE,"MICHAEL VALLIEN, JR.",DEMOCRAT,FALSE,TOTAL,82981,319851,FALSE,20250910,FALSE
2024,LOUISIANA,LA,22,72,45,US HOUSE,6,GEN,FALSE,FALSE,CLEO FIELDS,DEMOCRAT,FALSE,TOTAL,150323,296033,FALSE,20250910,FALSE
2024,LOUISIANA,LA,22,72,45,US HOUSE,6,GEN,FALSE,FALSE,ELBERT GUILLORY,REPUBLICAN,FALSE,TOTAL,111737,296033,FALSE,20250910,FALSE
2024,LOUISIANA,LA,22,72,45,US HOUSE,6,GEN,FALSE,FALSE,PETER WILLIAMS,DEMOCRAT,FALSE,TOTAL,6252,296033,FALSE,20250910,FALSE
2024,LOUISIANA,LA,22,72,45,US HOUSE,6,GEN,FALSE,FALSE,QUENTIN ANTHONY ANDERSON,DEMOCRAT,FALSE,TOTAL,23811,296033,FALSE,20250910,FALSE
2024,LOUISIANA,LA,22,72,45,US HOUSE,6,GEN,FALSE,FALSE,"WILKEN JONES, JR.",DEMOCRAT,FALSE,TOTAL,3910,296033,FALSE,20250910,FALSE
2024,MAINE,ME,23,11,2,US HOUSE,1,GEN,FALSE,FALSE,BLANK,NA,FALSE,TOTAL,14037,425530,FALSE,20250910,FALSE
2024,MAINE,ME,23,11,2,US HOUSE,1,GEN,FALSE,FALSE,CHELLIE PINGREE,DEMOCRAT,FALSE,TOTAL,249798,425530,FALSE,20250910,FALSE
2024,MAINE,ME,23,11,2,US HOUSE,1,GEN,FALSE,FALSE,ETHAN WELD ALCORN,UNENROLLED INDEPENDENT,FALSE,TOTAL,20883,425530,FALSE,20250910,FALSE
2024,MAINE,ME,23,11,2,US HOUSE,1,GEN,FALSE,FALSE,RONALD C. RUSSELL,REPUBLICAN,FALSE,TOTAL,154849,425530,FALSE,20250910,FALSE
2024,MAINE,ME,23,11,2,US HOUSE,2,GEN,FALSE,FALSE,AUSTIN THERIAULT,REPUBLICAN,FALSE,TOTAL,194445,402936,FALSE,20250910,FALSE
2024,MAINE,ME,23,11,2,US HOUSE,2,GEN,FALSE,FALSE,EXHAUSTED BALLOTS,NA,FALSE,TOTAL,11340,402936,FALSE,20250910,FALSE
2024,MAINE,ME,23,11,2,US HOUSE,2,GEN,FALSE,FALSE,JARED F. GOLDEN,DEMOCRAT,FALSE,TOTAL,197151,402936,FALSE,20250910,FALSE
2024,MARYLAND,MD,24,52,52,US HOUSE,1,GEN,FALSE,FALSE,ANDY HARRIS,REPUBLICAN,FALSE,TOTAL,246356,414680,FALSE,20250910,FALSE
2024,MARYLAND,MD,24,52,52,US HOUSE,1,GEN,FALSE,FALSE,BLANE H. MILLER III,DEMOCRAT,FALSE,TOTAL,154985,414680,FALSE,20250910,FALSE
2024,MARYLAND,MD,24,52,52,US HOUSE,1,GEN,FALSE,FALSE,JOSHUA W. O’BRIEN,LIBERTARIAN,FALSE,TOTAL,12664,414680,FALSE,20250910,FALSE
2024,MARYLAND,MD,24,52,52,US HOUSE,1,GEN,FALSE,FALSE,OTHER WRITE-INS,NA,FALSE,TOTAL,675,414680,FALSE,20250910,FALSE
2024,MARYLAND,MD,24,52,52,US HOUSE,2,GEN,FALSE,FALSE,JASEN JOSEPH WUNDER,LIBERTARIAN,FALSE,TOTAL,8169,384794,FALSE,20250910,FALSE
2024,MARYLAND,MD,24,52,52,US HOUSE,2,GEN,FALSE,FALSE,"JOHN \""JOHNNY O\"" OLSZEWSKI, JR.",DEMOCRAT,FALSE,TOTAL,223797,384794,FALSE,20250910,FALSE
2024,MARYLAND,MD,24,52,52,US HOUSE,2,GEN,FALSE,FALSE,KIM KLACIK,REPUBLICAN,FALSE,TOTAL,152079,384794,FALSE,20250910,FALSE
2024,MARYLAND,MD,24,52,52,US HOUSE,2,GEN,FALSE,FALSE,OTHER WRITE-INS,NA,FALSE,TOTAL,749,384794,FALSE,20250910,FALSE
2024,MARYLAND,MD,24,52,52,US HOUSE,3,GEN,FALSE,FALSE,MIGUEL BARAJAS,LIBERTARIAN,FALSE,TOTAL,10471,399200,FALSE,20250910,FALSE
2024,MARYLAND,MD,24,52,52,US HOUSE,3,GEN,FALSE,FALSE,OTHER WRITE-INS,NA,FALSE,TOTAL,862,399200,FALSE,20250910,FALSE
2024,MARYLAND,MD,24,52,52,US HOUSE,3,GEN,FALSE,FALSE,ROBERT J. STEINBERGER,REPUBLICAN,FALSE,TOTAL,151186,399200,FALSE,20250910,FALSE
2024,MARYLAND,MD,24,52,52,US HOUSE,3,GEN,FALSE,FALSE,SARAH ELFRETH,DEMOCRAT,FALSE,TOTAL,236681,399200,FALSE,20250910,FALSE
2024,MARYLAND,MD,24,52,52,US HOUSE,4,GEN,FALSE,FALSE,GEORGE MCDERMOTT,REPUBLICAN,FALSE,TOTAL,30454,270970,FALSE,20250910,FALSE
2024,MARYLAND,MD,24,52,52,US HOUSE,4,GEN,FALSE,FALSE,GLENN IVEY,DEMOCRAT,FALSE,TOTAL,239596,270970,FALSE,20250910,FALSE
2024,MARYLAND,MD,24,52,52,US HOUSE,4,GEN,FALSE,FALSE,OTHER WRITE-INS,NA,FALSE,TOTAL,920,270970,FALSE,20250910,FALSE
2024,MARYLAND,MD,24,52,52,US HOUSE,5,GEN,FALSE,FALSE,MICHELLE TALKINGTON,REPUBLICAN,FALSE,TOTAL,133985,418603,FALSE,20250910,FALSE
2024,MARYLAND,MD,24,52,52,US HOUSE,5,GEN,FALSE,FALSE,OTHER WRITE-INS,NA,FALSE,TOTAL,999,418603,FALSE,20250910,FALSE
2024,MARYLAND,MD,24,52,52,US HOUSE,5,GEN,FALSE,FALSE,STENY H. HOYER,DEMOCRAT,FALSE,TOTAL,283619,418603,FALSE,20250910,FALSE
2024,MARYLAND,MD,24,52,52,US HOUSE,6,GEN,FALSE,FALSE,APRIL MCCLAIN DELANEY,DEMOCRAT,FALSE,TOTAL,199788,376624,FALSE,20250910,FALSE
2024,MARYLAND,MD,24,52,52,US HOUSE,6,GEN,FALSE,FALSE,NEIL C. PARROTT,REPUBLICAN,FALSE,TOTAL,175974,376624,FALSE,20250910,FALSE
2024,MARYLAND,MD,24,52,52,US HOUSE,6,GEN,FALSE,FALSE,OTHER WRITE-INS,NA,FALSE,TOTAL,862,376624,FALSE,20250910,FALSE
2024,MARYLAND,MD,24,52,52,US HOUSE,7,GEN,FALSE,FALSE,KWEISI MFUME,DEMOCRAT,FALSE,TOTAL,232849,290137,FALSE,20250910,FALSE
2024,MARYLAND,MD,24,52,52,US HOUSE,7,GEN,FALSE,FALSE,OTHER WRITE-INS,NA,FALSE,TOTAL,649,290137,FALSE,20250910,FALSE
2024,MARYLAND,MD,24,52,52,US HOUSE,7,GEN,FALSE,FALSE,RONALD M. OWENS-BEY,LIBERTARIAN,FALSE,TOTAL,6840,290137,FALSE,20250910,FALSE
2024,MARYLAND,MD,24,52,52,US HOUSE,7,GEN,FALSE,FALSE,SCOTT M. COLLIER,REPUBLICAN,FALSE,TOTAL,49799,290137,FALSE,20250910,FALSE
2024,MARYLAND,MD,24,52,52,US HOUSE,8,GEN,FALSE,FALSE,CHERYL RILEY,REPUBLICAN,FALSE,TOTAL,77821,380320,FALSE,20250910,FALSE
2024,MARYLAND,MD,24,52,52,US HOUSE,8,GEN,FALSE,FALSE,JAMIE RASKIN,DEMOCRAT,FALSE,TOTAL,292101,380320,FALSE,20250910,FALSE
2024,MARYLAND,MD,24,52,52,US HOUSE,8,GEN,FALSE,FALSE,NANCY WALLACE,GREEN,FALSE,TOTAL,9612,380320,FALSE,20250910,FALSE
2024,MARYLAND,MD,24,52,52,US HOUSE,8,GEN,FALSE,FALSE,OTHER WRITE-INS,NA,FALSE,TOTAL,786,380320,FALSE,20250910,FALSE
2024,MASSACHUSETTS,MA,25,14,3,US HOUSE,1,GEN,FALSE,FALSE,ALL OTHERS,NA,FALSE,TOTAL,1181,385005,FALSE,20250910,FALSE
2024,MASSACHUSETTS,MA,25,14,3,US HOUSE,1,GEN,FALSE,FALSE,BLANKS,NA,FALSE,TOTAL,26947,385005,FALSE,20250910,FALSE
2024,MASSACHUSETTS,MA,25,14,3,US HOUSE,1,GEN,FALSE,FALSE,NADIA DONYA MILLERON,INDEPENDENT,FALSE,TOTAL,133552,385005,FALSE,20250910,FALSE
2024,MASSACHUSETTS,MA,25,14,3,US HOUSE,1,GEN,FALSE,FALSE,RICHARD E. NEAL,DEMOCRAT,FALSE,TOTAL,223325,385005,FALSE,20250910,FALSE
2024,MASSACHUSETTS,MA,25,14,3,US HOUSE,2,GEN,FALSE,FALSE,ALL OTHERS,NA,FALSE,TOTAL,822,389337,FALSE,20250910,FALSE
2024,MASSACHUSETTS,MA,25,14,3,US HOUSE,2,GEN,FALSE,FALSE,BLANKS,NA,FALSE,TOTAL,23009,389337,FALSE,20250910,FALSE
2024,MASSACHUSETTS,MA,25,14,3,US HOUSE,2,GEN,FALSE,FALSE,CORNELIUS SHEA,INDEPENDENT,FALSE,TOTAL,114065,389337,FALSE,20250910,FALSE
2024,MASSACHUSETTS,MA,25,14,3,US HOUSE,2,GEN,FALSE,FALSE,JAMES P. MCGOVERN,DEMOCRAT,FALSE,TOTAL,251441,389337,FALSE,20250910,FALSE
2024,MASSACHUSETTS,MA,25,14,3,US HOUSE,3,GEN,FALSE,FALSE,ALL OTHERS,NA,FALSE,TOTAL,6861,362678,FALSE,20250910,FALSE
2024,MASSACHUSETTS,MA,25,14,3,US HOUSE,3,GEN,FALSE,FALSE,BLANKS,NA,FALSE,TOTAL,91119,362678,FALSE,20250910,FALSE
2024,MASSACHUSETTS,MA,25,14,3,US HOUSE,3,GEN,FALSE,FALSE,LORI TRAHAN,DEMOCRAT,FALSE,TOTAL,264698,362678,FALSE,20250910,FALSE
2024,MASSACHUSETTS,MA,25,14,3,US HOUSE,4,GEN,FALSE,FALSE,ALL OTHERS,NA,FALSE,TOTAL,7279,411578,FALSE,20250910,FALSE
2024,MASSACHUSETTS,MA,25,14,3,US HOUSE,4,GEN,FALSE,FALSE,BLANKS,NA,FALSE,TOTAL,113853,411578,FALSE,20250910,FALSE
2024,MASSACHUSETTS,MA,25,14,3,US HOUSE,4,GEN,FALSE,FALSE,JAKE AUCHINCLOSS,DEMOCRAT,FALSE,TOTAL,289347,411578,FALSE,20250910,FALSE
2024,MASSACHUSETTS,MA,25,14,3,US HOUSE,4,GEN,FALSE,FALSE,SANA A. FADEL,NA,TRUE,TOTAL,1099,411578,FALSE,20250910,FALSE
2024,MASSACHUSETTS,MA,25,14,3,US HOUSE,5,GEN,FALSE,FALSE,ALL OTHERS,NA,FALSE,TOTAL,5201,379701,FALSE,20250910,FALSE
2024,MASSACHUSETTS,MA,25,14,3,US HOUSE,5,GEN,FALSE,FALSE,BLANKS,NA,FALSE,TOTAL,87811,379701,FALSE,20250910,FALSE
2024,MASSACHUSETTS,MA,25,14,3,US HOUSE,5,GEN,FALSE,FALSE,KATHERINE M. CLARK,DEMOCRAT,FALSE,TOTAL,286689,379701,FALSE,20250910,FALSE
2024,MASSACHUSETTS,MA,25,14,3,US HOUSE,6,GEN,FALSE,FALSE,ALL OTHERS,NA,FALSE,TOTAL,7191,438573,FALSE,20250910,FALSE
2024,MASSACHUSETTS,MA,25,14,3,US HOUSE,6,GEN,FALSE,FALSE,BLANKS,NA,FALSE,TOTAL,110196,438573,FALSE,20250910,FALSE
2024,MASSACHUSETTS,MA,25,14,3,US HOUSE,6,GEN,FALSE,FALSE,SETH MOULTON,DEMOCRAT,FALSE,TOTAL,321186,438573,FALSE,20250910,FALSE
2024,MASSACHUSETTS,MA,25,14,3,US HOUSE,7,GEN,FALSE,FALSE,ALL OTHERS,NA,FALSE,TOTAL,6907,283194,FALSE,20250910,FALSE
2024,MASSACHUSETTS,MA,25,14,3,US HOUSE,7,GEN,FALSE,FALSE,AYANNA PRESSLEY,DEMOCRAT,FALSE,TOTAL,232094,283194,FALSE,20250910,FALSE
2024,MASSACHUSETTS,MA,25,14,3,US HOUSE,7,GEN,FALSE,FALSE,BLANKS,NA,FALSE,TOTAL,44193,283194,FALSE,20250910,FALSE
2024,MASSACHUSETTS,MA,25,14,3,US HOUSE,8,GEN,FALSE,FALSE,ALL OTHERS,NA,FALSE,TOTAL,760,397767,FALSE,20250910,FALSE
2024,MASSACHUSETTS,MA,25,14,3,US HOUSE,8,GEN,FALSE,FALSE,BLANKS,NA,FALSE,TOTAL,20937,397767,FALSE,20250910,FALSE
2024,MASSACHUSETTS,MA,25,14,3,US HOUSE,8,GEN,FALSE,FALSE,ROBERT G. BURKE,REPUBLICAN,FALSE,TOTAL,110638,397767,FALSE,20250910,FALSE
2024,MASSACHUSETTS,MA,25,14,3,US HOUSE,8,GEN,FALSE,FALSE,STEPHEN F. LYNCH,DEMOCRAT,FALSE,TOTAL,265432,397767,FALSE,20250910,FALSE
2024,MASSACHUSETTS,MA,25,14,3,US HOUSE,9,GEN,FALSE,FALSE,ALL OTHERS,NA,FALSE,TOTAL,642,465097,FALSE,20250910,FALSE
2024,MASSACHUSETTS,MA,25,14,3,US HOUSE,9,GEN,FALSE,FALSE,BLANKS,NA,FALSE,TOTAL,18702,465097,FALSE,20250910,FALSE
2024,MASSACHUSETTS,MA,25,14,3,US HOUSE,9,GEN,FALSE,FALSE,DAN SULLIVAN,REPUBLICAN,FALSE,TOTAL,193822,465097,FALSE,20250910,FALSE
2024,MASSACHUSETTS,MA,25,14,3,US HOUSE,9,GEN,FALSE,FALSE,WILLIAM R. KEATING,DEMOCRAT,FALSE,TOTAL,251931,465097,FALSE,20250910,FALSE
2024,MICHIGAN,MI,26,34,23,US HOUSE,1,GEN,FALSE,FALSE,ANDREW GALE,LIBERTARIAN,FALSE,TOTAL,5486,477184,FALSE,20250910,FALSE
2024,MICHIGAN,MI,26,34,23,US HOUSE,1,GEN,FALSE,FALSE,CALLIE BARR,DEMOCRAT,FALSE,TOTAL,180937,477184,FALSE,20250910,FALSE
2024,MICHIGAN,MI,26,34,23,US HOUSE,1,GEN,FALSE,FALSE,JACK BERGMAN,REPUBLICAN,FALSE,TOTAL,282264,477184,FALSE,20250910,FALSE
2024,MICHIGAN,MI,26,34,23,US HOUSE,1,GEN,FALSE,FALSE,LIZ HAKOLA,WORKING CLASS,FALSE,TOTAL,8497,477184,FALSE,20250910,FALSE
2024,MICHIGAN,MI,26,34,23,US HOUSE,2,GEN,FALSE,FALSE,BEN DEJONG,LIBERTARIAN,FALSE,TOTAL,7037,428550,FALSE,20250910,FALSE
2024,MICHIGAN,MI,26,34,23,US HOUSE,2,GEN,FALSE,FALSE,JOHN R. MOOLENAAR,REPUBLICAN,FALSE,TOTAL,279167,428550,FALSE,20250910,FALSE
2024,MICHIGAN,MI,26,34,23,US HOUSE,2,GEN,FALSE,FALSE,MICHAEL LYNCH,DEMOCRAT,FALSE,TOTAL,135824,428550,FALSE,20250910,FALSE
2024,MICHIGAN,MI,26,34,23,US HOUSE,2,GEN,FALSE,FALSE,SCOTT ADAMS,U.S. TAXPAYERS,FALSE,TOTAL,6522,428550,FALSE,20250910,FALSE
2024,MICHIGAN,MI,26,34,23,US HOUSE,3,GEN,FALSE,FALSE,ALEX AVERY,LIBERTARIAN,FALSE,TOTAL,5281,420289,FALSE,20250910,FALSE
2024,MICHIGAN,MI,26,34,23,US HOUSE,3,GEN,FALSE,FALSE,HILLARY J. SCHOLTEN,DEMOCRAT,FALSE,TOTAL,225510,420289,FALSE,20250910,FALSE
2024,MICHIGAN,MI,26,34,23,US HOUSE,3,GEN,FALSE,FALSE,LOUIS PALUS,WORKING CLASS,FALSE,TOTAL,5546,420289,FALSE,20250910,FALSE
2024,MICHIGAN,MI,26,34,23,US HOUSE,3,GEN,FALSE,FALSE,PAUL HUDSON,REPUBLICAN,FALSE,TOTAL,183952,420289,FALSE,20250910,FALSE
2024,MICHIGAN,MI,26,34,23,US HOUSE,4,GEN,FALSE,FALSE,BILL HUIZENGA,REPUBLICAN,FALSE,TOTAL,234489,425817,FALSE,20250910,FALSE
2024,MICHIGAN,MI,26,34,23,US HOUSE,4,GEN,FALSE,FALSE,CURTIS CLARK,U.S. TAXPAYERS,FALSE,TOTAL,6687,425817,FALSE,20250910,FALSE
2024,MICHIGAN,MI,26,34,23,US HOUSE,4,GEN,FALSE,FALSE,JESSICA SWARTZ,DEMOCRAT,FALSE,TOTAL,184641,425817,FALSE,20250910,FALSE
2024,MICHIGAN,MI,26,34,23,US HOUSE,5,GEN,FALSE,FALSE,JAMES BRONKE,GREEN,FALSE,TOTAL,6379,409876,FALSE,20250910,FALSE
2024,MICHIGAN,MI,26,34,23,US HOUSE,5,GEN,FALSE,FALSE,LIBBI URBAN,DEMOCRAT,FALSE,TOTAL,134282,409876,FALSE,20250910,FALSE
2024,MICHIGAN,MI,26,34,23,US HOUSE,5,GEN,FALSE,FALSE,TIM WALBERG,REPUBLICAN,FALSE,TOTAL,269215,409876,FALSE,20250910,FALSE
2024,MICHIGAN,MI,26,34,23,US HOUSE,6,GEN,FALSE,FALSE,BILL KREBAUM,LIBERTARIAN,FALSE,TOTAL,5523,453306,FALSE,20250910,FALSE
2024,MICHIGAN,MI,26,34,23,US HOUSE,6,GEN,FALSE,FALSE,CLYDE K. SHABAZZ,GREEN,FALSE,TOTAL,7963,453306,FALSE,20250910,FALSE
2024,MICHIGAN,MI,26,34,23,US HOUSE,6,GEN,FALSE,FALSE,DEBBIE DINGELL,DEMOCRAT,FALSE,TOTAL,281162,453306,FALSE,20250910,FALSE
2024,MICHIGAN,MI,26,34,23,US HOUSE,6,GEN,FALSE,FALSE,HEATHER SMILEY,REPUBLICAN,FALSE,TOTAL,158658,453306,FALSE,20250910,FALSE
2024,MICHIGAN,MI,26,34,23,US HOUSE,7,GEN,FALSE,FALSE,CURTIS HERTEL,DEMOCRAT,FALSE,TOTAL,209959,450912,FALSE,20250910,FALSE
2024,MICHIGAN,MI,26,34,23,US HOUSE,7,GEN,FALSE,FALSE,L. RACHEL DAILEY,LIBERTARIAN,FALSE,TOTAL,14231,450912,FALSE,20250910,FALSE
2024,MICHIGAN,MI,26,34,23,US HOUSE,7,GEN,FALSE,FALSE,TOM BARRETT,REPUBLICAN,FALSE,TOTAL,226722,450912,FALSE,20250910,FALSE
2024,MICHIGAN,MI,26,34,23,US HOUSE,8,GEN,FALSE,FALSE,JAMES ALLEN LITTLE,U.S. TAXPAYERS,FALSE,TOTAL,2681,424350,FALSE,20250910,FALSE
2024,MICHIGAN,MI,26,34,23,US HOUSE,8,GEN,FALSE,FALSE,JIM CASHA,GREEN,FALSE,TOTAL,1602,424350,FALSE,20250910,FALSE
2024,MICHIGAN,MI,26,34,23,US HOUSE,8,GEN,FALSE,FALSE,KATHY GOODWIN,WORKING CLASS,FALSE,TOTAL,8492,424350,FALSE,20250910,FALSE
2024,MICHIGAN,MI,26,34,23,US HOUSE,8,GEN,FALSE,FALSE,KRISTEN MCDONALD RIVET,DEMOCRAT,FALSE,TOTAL,217490,424350,FALSE,20250910,FALSE
2024,MICHIGAN,MI,26,34,23,US HOUSE,8,GEN,FALSE,FALSE,PAUL JUNGE,REPUBLICAN,FALSE,TOTAL,189317,424350,FALSE,20250910,FALSE
2024,MICHIGAN,MI,26,34,23,US HOUSE,8,GEN,FALSE,FALSE,STEVE BARCELO,LIBERTARIAN,FALSE,TOTAL,4768,424350,FALSE,20250910,FALSE
2024,MICHIGAN,MI,26,34,23,US HOUSE,9,GEN,FALSE,FALSE,CLINTON ST. MOSLEY,DEMOCRAT,FALSE,TOTAL,138138,468238,FALSE,20250910,FALSE
2024,MICHIGAN,MI,26,34,23,US HOUSE,9,GEN,FALSE,FALSE,JIM WALKOWICZ,WORKING CLASS,FALSE,TOTAL,12169,468238,FALSE,20250910,FALSE
2024,MICHIGAN,MI,26,34,23,US HOUSE,9,GEN,FALSE,FALSE,KEVIN VAYKO,LIBERTARIAN,FALSE,TOTAL,5338,468238,FALSE,20250910,FALSE
2024,MICHIGAN,MI,26,34,23,US HOUSE,9,GEN,FALSE,FALSE,LISA C. MCCLAIN,REPUBLICAN,FALSE,TOTAL,312593,468238,FALSE,20250910,FALSE
2024,MICHIGAN,MI,26,34,23,US HOUSE,10,GEN,FALSE,FALSE,ANDREA L. KIRBY,WORKING CLASS,FALSE,TOTAL,11162,425301,FALSE,20250910,FALSE
2024,MICHIGAN,MI,26,34,23,US HOUSE,10,GEN,FALSE,FALSE,CARL J. MARLINGA,DEMOCRAT,FALSE,TOTAL,191363,425301,FALSE,20250910,FALSE
2024,MICHIGAN,MI,26,34,23,US HOUSE,10,GEN,FALSE,FALSE,JOHN JAMES,REPUBLICAN,FALSE,TOTAL,217437,425301,FALSE,20250910,FALSE
2024,MICHIGAN,MI,26,34,23,US HOUSE,10,GEN,FALSE,FALSE,MIKE SALIBA,LIBERTARIAN,FALSE,TOTAL,5339,425301,FALSE,20250910,FALSE
2024,MICHIGAN,MI,26,34,23,US HOUSE,11,GEN,FALSE,FALSE,DOUGLAS CAMPBELL,GREEN,FALSE,TOTAL,9713,447925,FALSE,20250910,FALSE
2024,MICHIGAN,MI,26,34,23,US HOUSE,11,GEN,FALSE,FALSE,HALEY M. STEVENS,DEMOCRAT,FALSE,TOTAL,260780,447925,FALSE,20250910,FALSE
2024,MICHIGAN,MI,26,34,23,US HOUSE,11,GEN,FALSE,FALSE,NICK SOMBERG,REPUBLICAN,FALSE,TOTAL,177432,447925,FALSE,20250910,FALSE
2024,MICHIGAN,MI,26,34,23,US HOUSE,12,GEN,FALSE,FALSE,BRENDA K. SANDERS,GREEN,FALSE,TOTAL,8254,363499,FALSE,20250910,FALSE
2024,MICHIGAN,MI,26,34,23,US HOUSE,12,GEN,FALSE,FALSE,GARY WALKOWICZ,WORKING CLASS,FALSE,TOTAL,9401,363499,FALSE,20250910,FALSE
2024,MICHIGAN,MI,26,34,23,US HOUSE,12,GEN,FALSE,FALSE,JAMES D. HOOPER,REPUBLICAN,FALSE,TOTAL,92490,363499,FALSE,20250910,FALSE
2024,MICHIGAN,MI,26,34,23,US HOUSE,12,GEN,FALSE,FALSE,RASHIDA TLAIB,DEMOCRAT,FALSE,TOTAL,253354,363499,FALSE,20250910,FALSE
2024,MICHIGAN,MI,26,34,23,US HOUSE,13,GEN,FALSE,FALSE,CHRIS CLARK,LIBERTARIAN,FALSE,TOTAL,5726,321649,FALSE,20250910,FALSE
2024,MICHIGAN,MI,26,34,23,US HOUSE,13,GEN,FALSE,FALSE,CHRIS DARDZINSKI,U.S. TAXPAYERS,FALSE,TOTAL,2825,321649,FALSE,20250910,FALSE
2024,MICHIGAN,MI,26,34,23,US HOUSE,13,GEN,FALSE,FALSE,DANETTA LYNESE SIMPSON,NA,TRUE,TOTAL,1,321649,FALSE,20250910,FALSE
2024,MICHIGAN,MI,26,34,23,US HOUSE,13,GEN,FALSE,FALSE,MARTELL D. BIVINGS,REPUBLICAN,FALSE,TOTAL,78917,321649,FALSE,20250910,FALSE
2024,MICHIGAN,MI,26,34,23,US HOUSE,13,GEN,FALSE,FALSE,SHAKIRA LYNETTE HAWKINS,NA,TRUE,TOTAL,25,321649,FALSE,20250910,FALSE
2024,MICHIGAN,MI,26,34,23,US HOUSE,13,GEN,FALSE,FALSE,SHRI THANEDAR,DEMOCRAT,FALSE,TOTAL,220788,321649,FALSE,20250910,FALSE
2024,MICHIGAN,MI,26,34,23,US HOUSE,13,GEN,FALSE,FALSE,SIMONE R. COLEMAN,WORKING CLASS,FALSE,TOTAL,13367,321649,FALSE,20250910,FALSE
2024,MINNESOTA,MN,27,41,33,US HOUSE,1,GEN,FALSE,FALSE,BRAD FINSTAD,REPUBLICAN,FALSE,TOTAL,220929,377601,FALSE,20250910,FALSE
2024,MINNESOTA,MN,27,41,33,US HOUSE,1,GEN,FALSE,FALSE,RACHEL BOHMAN,DEMOCRATIC-FARMER-LABOR,FALSE,TOTAL,156375,377601,FALSE,20250910,FALSE
2024,MINNESOTA,MN,27,41,33,US HOUSE,1,GEN,FALSE,FALSE,WRITEIN,NA,TRUE,TOTAL,297,377601,FALSE,20250910,FALSE
2024,MINNESOTA,MN,27,41,33,US HOUSE,2,GEN,FALSE,FALSE,ANGIE CRAIG,DEMOCRAT,FALSE,TOTAL,231751,417319,FALSE,20250910,FALSE
2024,MINNESOTA,MN,27,41,33,US HOUSE,2,GEN,FALSE,FALSE,JOE TEIRAB,REPUBLICAN,FALSE,TOTAL,175621,417319,FALSE,20250910,FALSE
2024,MINNESOTA,MN,27,41,33,US HOUSE,2,GEN,FALSE,FALSE,THOMAS WILLIAM BOWMAN,CONSTITUTIONAL CONSERVATIVE,FALSE,TOTAL,9492,417319,FALSE,20250910,FALSE
2024,MINNESOTA,MN,27,41,33,US HOUSE,2,GEN,FALSE,FALSE,WRITEIN,NA,TRUE,TOTAL,455,417319,FALSE,20250910,FALSE
2024,MINNESOTA,MN,27,41,33,US HOUSE,3,GEN,FALSE,FALSE,KELLY MORRISON,DEMOCRATIC-FARMER-LABOR,FALSE,TOTAL,240209,411140,FALSE,20250910,FALSE
2024,MINNESOTA,MN,27,41,33,US HOUSE,3,GEN,FALSE,FALSE,TAD JUDE,REPUBLICAN,FALSE,TOTAL,170427,411140,FALSE,20250910,FALSE
2024,MINNESOTA,MN,27,41,33,US HOUSE,3,GEN,FALSE,FALSE,WRITEIN,NA,TRUE,TOTAL,504,411140,FALSE,20250910,FALSE
2024,MINNESOTA,MN,27,41,33,US HOUSE,4,GEN,FALSE,FALSE,BETTY MCCOLLUM,DEMOCRAT,FALSE,TOTAL,242802,361043,FALSE,20250910,FALSE
2024,MINNESOTA,MN,27,41,33,US HOUSE,4,GEN,FALSE,FALSE,MAY LOR XIONG,REPUBLICAN,FALSE,TOTAL,117618,361043,FALSE,20250910,FALSE
2024,MINNESOTA,MN,27,41,33,US HOUSE,4,GEN,FALSE,FALSE,WRITEIN,NA,TRUE,TOTAL,623,361043,FALSE,20250910,FALSE
2024,MINNESOTA,MN,27,41,33,US HOUSE,5,GEN,FALSE,FALSE,DALIA AL-AQIDI,REPUBLICAN,FALSE,TOTAL,86213,351047,FALSE,20250910,FALSE
2024,MINNESOTA,MN,27,41,33,US HOUSE,5,GEN,FALSE,FALSE,ILHAN OMAR,DEMOCRAT,FALSE,TOTAL,261066,351047,FALSE,20250910,FALSE
2024,MINNESOTA,MN,27,41,33,US HOUSE,5,GEN,FALSE,FALSE,WRITEIN,NA,TRUE,TOTAL,3768,351047,FALSE,20250910,FALSE
2024,MINNESOTA,MN,27,41,33,US HOUSE,6,GEN,FALSE,FALSE,JEANNE HENDRICKS,DEMOCRATIC-FARMER-LABOR,FALSE,TOTAL,155836,416496,FALSE,20250910,FALSE
2024,MINNESOTA,MN,27,41,33,US HOUSE,6,GEN,FALSE,FALSE,TOM EMMER,REPUBLICAN,FALSE,TOTAL,260095,416496,FALSE,20250910,FALSE
2024,MINNESOTA,MN,27,41,33,US HOUSE,6,GEN,FALSE,FALSE,WRITEIN,NA,TRUE,TOTAL,565,416496,FALSE,20250910,FALSE
2024,MINNESOTA,MN,27,41,33,US HOUSE,7,GEN,FALSE,FALSE,"A J \""JOHN\"" PETERS",DEMOCRATIC-FARMER-LABOR,FALSE,TOTAL,114979,390510,FALSE,20250910,FALSE
2024,MINNESOTA,MN,27,41,33,US HOUSE,7,GEN,FALSE,FALSE,MICHELLE FISCHBACH,REPUBLICAN,FALSE,TOTAL,275098,390510,FALSE,20250910,FALSE
2024,MINNESOTA,MN,27,41,33,US HOUSE,7,GEN,FALSE,FALSE,WRITEIN,NA,TRUE,TOTAL,433,390510,FALSE,20250910,FALSE
2024,MINNESOTA,MN,27,41,33,US HOUSE,8,GEN,FALSE,FALSE,JEN SCHULTZ,DEMOCRATIC-FARMER-LABOR,FALSE,TOTAL,176724,421606,FALSE,20250910,FALSE
2024,MINNESOTA,MN,27,41,33,US HOUSE,8,GEN,FALSE,FALSE,PETE STAUBER,REPUBLICAN,FALSE,TOTAL,244498,421606,FALSE,20250910,FALSE
2024,MINNESOTA,MN,27,41,33,US HOUSE,8,GEN,FALSE,FALSE,WRITEIN,NA,TRUE,TOTAL,384,421606,FALSE,20250910,FALSE
2024,MISSISSIPPI,MS,28,64,46,US HOUSE,1,GEN,FALSE,FALSE,DIANNE DODSON BLACK,DEMOCRAT,FALSE,TOTAL,96697,320286,FALSE,20250910,FALSE
2024,MISSISSIPPI,MS,28,64,46,US HOUSE,1,GEN,FALSE,FALSE,TRENT KELLY,REPUBLICAN,FALSE,TOTAL,223589,320286,FALSE,20250910,FALSE
2024,MISSISSIPPI,MS,28,64,46,US HOUSE,2,GEN,FALSE,FALSE,BENNIE G. THOMPSON,DEMOCRAT,FALSE,TOTAL,177885,286841,FALSE,20250910,FALSE
2024,MISSISSIPPI,MS,28,64,46,US HOUSE,2,GEN,FALSE,FALSE,RON ELLER,REPUBLICAN,FALSE,TOTAL,108956,286841,FALSE,20250910,FALSE
2024,MISSISSIPPI,MS,28,64,46,US HOUSE,3,GEN,FALSE,FALSE,MICHAEL GUEST,REPUBLICAN,FALSE,TOTAL,265159,265159,FALSE,20250910,FALSE
2024,MISSISSIPPI,MS,28,64,46,US HOUSE,4,GEN,FALSE,FALSE,CRAIG ELLIOT RAYBON,DEMOCRAT,FALSE,TOTAL,75771,290866,FALSE,20250910,FALSE
2024,MISSISSIPPI,MS,28,64,46,US HOUSE,4,GEN,FALSE,FALSE,MIKE EZELL,REPUBLICAN,FALSE,TOTAL,215095,290866,FALSE,20250910,FALSE
2024,MISSOURI,MO,29,43,34,US HOUSE,1,GEN,FALSE,FALSE,ANDREW JONES,REPUBLICAN,FALSE,TOTAL,56453,307265,FALSE,20250910,FALSE
2024,MISSOURI,MO,29,43,34,US HOUSE,1,GEN,FALSE,FALSE,BLAKE ASHBY,BETTER PARTY,FALSE,TOTAL,2279,307265,FALSE,20250910,FALSE
2024,MISSOURI,MO,29,43,34,US HOUSE,1,GEN,FALSE,FALSE,DON FITZ,GREEN,FALSE,TOTAL,5151,307265,FALSE,20250910,FALSE
2024,MISSOURI,MO,29,43,34,US HOUSE,1,GEN,FALSE,FALSE,ROCHELLE A. RIGGINS,LIBERTARIAN,FALSE,TOTAL,10070,307265,FALSE,20250910,FALSE
2024,MISSOURI,MO,29,43,34,US HOUSE,1,GEN,FALSE,FALSE,WESLEY BELL,DEMOCRAT,FALSE,TOTAL,233312,307265,FALSE,20250910,FALSE
2024,MISSOURI,MO,29,43,34,US HOUSE,2,GEN,FALSE,FALSE,ANN WAGNER,REPUBLICAN,FALSE,TOTAL,233444,428392,FALSE,20250910,FALSE
2024,MISSOURI,MO,29,43,34,US HOUSE,2,GEN,FALSE,FALSE,BRANDON DAUGHERTY,LIBERTARIAN,FALSE,TOTAL,8951,428392,FALSE,20250910,FALSE
2024,MISSOURI,MO,29,43,34,US HOUSE,2,GEN,FALSE,FALSE,RAY HARTMANN,DEMOCRAT,FALSE,TOTAL,182056,428392,FALSE,20250910,FALSE
2024,MISSOURI,MO,29,43,34,US HOUSE,2,GEN,FALSE,FALSE,SHELBY DAVIS,GREEN,FALSE,TOTAL,3941,428392,FALSE,20250910,FALSE
2024,MISSOURI,MO,29,43,34,US HOUSE,3,GEN,FALSE,FALSE,BETHANY E. MANN,DEMOCRAT,FALSE,TOTAL,138532,392463,FALSE,20250910,FALSE
2024,MISSOURI,MO,29,43,34,US HOUSE,3,GEN,FALSE,FALSE,BOB ONDER,REPUBLICAN,FALSE,TOTAL,240620,392463,FALSE,20250910,FALSE
2024,MISSOURI,MO,29,43,34,US HOUSE,3,GEN,FALSE,FALSE,JORDAN ROWDEN,LIBERTARIAN,FALSE,TOTAL,9298,392463,FALSE,20250910,FALSE
2024,MISSOURI,MO,29,43,34,US HOUSE,3,GEN,FALSE,FALSE,WILLIAM HASTINGS,GREEN,FALSE,TOTAL,4013,392463,FALSE,20250910,FALSE
2024,MISSOURI,MO,29,43,34,US HOUSE,4,GEN,FALSE,FALSE,DAVID HAAVE,NA,TRUE,TOTAL,2,365696,FALSE,20250910,FALSE
2024,MISSOURI,MO,29,43,34,US HOUSE,4,GEN,FALSE,FALSE,JEANETTE CASS,DEMOCRAT,FALSE,TOTAL,96568,365696,FALSE,20250910,FALSE
2024,MISSOURI,MO,29,43,34,US HOUSE,4,GEN,FALSE,FALSE,MARK ALFORD,REPUBLICAN,FALSE,TOTAL,259886,365696,FALSE,20250910,FALSE
2024,MISSOURI,MO,29,43,34,US HOUSE,4,GEN,FALSE,FALSE,THOMAS HOLBROOK,LIBERTARIAN,FALSE,TOTAL,9240,365696,FALSE,20250910,FALSE
2024,MISSOURI,MO,29,43,34,US HOUSE,5,GEN,FALSE,FALSE,EMANUEL CLEAVER,DEMOCRAT,FALSE,TOTAL,199900,331929,FALSE,20250910,FALSE
2024,MISSOURI,MO,29,43,34,US HOUSE,5,GEN,FALSE,FALSE,MICHAEL DAY,GREEN,FALSE,TOTAL,4414,331929,FALSE,20250910,FALSE
2024,MISSOURI,MO,29,43,34,US HOUSE,5,GEN,FALSE,FALSE,SEAN E. SMITH,REPUBLICAN,FALSE,TOTAL,120957,331929,FALSE,20250910,FALSE
2024,MISSOURI,MO,29,43,34,US HOUSE,5,GEN,FALSE,FALSE,"WILLIAM TRUMAN \""BILL\"" WAYNE",LIBERTARIAN,FALSE,TOTAL,6658,331929,FALSE,20250910,FALSE
2024,MISSOURI,MO,29,43,34,US HOUSE,6,GEN,FALSE,FALSE,ANDY MAIDMENT,LIBERTARIAN,FALSE,TOTAL,5919,375186,FALSE,20250910,FALSE
2024,MISSOURI,MO,29,43,34,US HOUSE,6,GEN,FALSE,FALSE,MIKE DIEL,GREEN,FALSE,TOTAL,3058,375186,FALSE,20250910,FALSE
2024,MISSOURI,MO,29,43,34,US HOUSE,6,GEN,FALSE,FALSE,PAM MAY,DEMOCRAT,FALSE,TOTAL,100999,375186,FALSE,20250910,FALSE
2024,MISSOURI,MO,29,43,34,US HOUSE,6,GEN,FALSE,FALSE,SAM GRAVES,REPUBLICAN,FALSE,TOTAL,265210,375186,FALSE,20250910,FALSE
2024,MISSOURI,MO,29,43,34,US HOUSE,7,GEN,FALSE,FALSE,ERIC BURLISON,REPUBLICAN,FALSE,TOTAL,263231,367868,FALSE,20250910,FALSE
2024,MISSOURI,MO,29,43,34,US HOUSE,7,GEN,FALSE,FALSE,KEVIN CRAIG,LIBERTARIAN,FALSE,TOTAL,7982,367868,FALSE,20250910,FALSE
2024,MISSOURI,MO,29,43,34,US HOUSE,7,GEN,FALSE,FALSE,MISSI HESKETH,DEMOCRAT,FALSE,TOTAL,96655,367868,FALSE,20250910,FALSE
2024,MISSOURI,MO,29,43,34,US HOUSE,8,GEN,FALSE,FALSE,JAKE DAWSON,LIBERTARIAN,FALSE,TOTAL,7166,356064,FALSE,20250910,FALSE
2024,MISSOURI,MO,29,43,34,US HOUSE,8,GEN,FALSE,FALSE,JASON SMITH,REPUBLICAN,FALSE,TOTAL,271249,356064,FALSE,20250910,FALSE
2024,MISSOURI,MO,29,43,34,US HOUSE,8,GEN,FALSE,FALSE,RANDI MCCALLIAN,DEMOCRAT,FALSE,TOTAL,77649,356064,FALSE,20250910,FALSE
2024,MONTANA,MT,30,81,64,US HOUSE,1,GEN,FALSE,FALSE,DENNIS HAYES,LIBERTARIAN,FALSE,TOTAL,9954,322266,FALSE,20250910,FALSE
2024,MONTANA,MT,30,81,64,US HOUSE,1,GEN,FALSE,FALSE,MONICA TRANEL,DEMOCRAT,FALSE,TOTAL,143783,322266,FALSE,20250910,FALSE
2024,MONTANA,MT,30,81,64,US HOUSE,1,GEN,FALSE,FALSE,RYAN K. ZINKE,REPUBLICAN,FALSE,TOTAL,168529,322266,FALSE,20250910,FALSE
2024,MONTANA,MT,30,81,64,US HOUSE,2,GEN,FALSE,FALSE,JOHN B. DRISCOLL,DEMOCRAT,FALSE,TOTAL,93713,275545,FALSE,20250910,FALSE
2024,MONTANA,MT,30,81,64,US HOUSE,2,GEN,FALSE,FALSE,TROY DOWNING,REPUBLICAN,FALSE,TOTAL,181832,275545,FALSE,20250910,FALSE
2024,NEBRASKA,NE,31,46,35,US HOUSE,1,GEN,FALSE,FALSE,CAROL BLOOD,DEMOCRAT,FALSE,TOTAL,124498,312057,FALSE,20250910,FALSE
2024,NEBRASKA,NE,31,46,35,US HOUSE,1,GEN,FALSE,FALSE,MIKE FLOOD,REPUBLICAN,FALSE,TOTAL,187559,312057,FALSE,20250910,FALSE
2024,NEBRASKA,NE,31,46,35,US HOUSE,2,GEN,FALSE,FALSE,DON BACON,REPUBLICAN,FALSE,TOTAL,160198,314567,FALSE,20250910,FALSE
2024,NEBRASKA,NE,31,46,35,US HOUSE,2,GEN,FALSE,FALSE,TONY VARGAS,DEMOCRAT,FALSE,TOTAL,154369,314567,FALSE,20250910,FALSE
2024,NEBRASKA,NE,31,46,35,US HOUSE,3,GEN,FALSE,FALSE,ADRIAN SMITH,REPUBLICAN,FALSE,TOTAL,243481,302768,FALSE,20250910,FALSE
2024,NEBRASKA,NE,31,46,35,US HOUSE,3,GEN,FALSE,FALSE,DANIEL EBERS,DEMOCRAT,FALSE,TOTAL,59287,302768,FALSE,20250910,FALSE
2024,NEVADA,NV,32,88,65,US HOUSE,1,GEN,FALSE,FALSE,DAVID GOOSSEN,NO POLITICAL PARTY,FALSE,TOTAL,2596,322899,FALSE,20250910,FALSE
2024,NEVADA,NV,32,88,65,US HOUSE,1,GEN,FALSE,FALSE,DAVID HAVLICEK,LIBERTARIAN,FALSE,TOTAL,2711,322899,FALSE,20250910,FALSE
2024,NEVADA,NV,32,88,65,US HOUSE,1,GEN,FALSE,FALSE,DINA TITUS,DEMOCRAT,FALSE,TOTAL,167885,322899,FALSE,20250910,FALSE
2024,NEVADA,NV,32,88,65,US HOUSE,1,GEN,FALSE,FALSE,MARK ROBERTSON,REPUBLICAN,FALSE,TOTAL,143650,322899,FALSE,20250910,FALSE
2024,NEVADA,NV,32,88,65,US HOUSE,1,GEN,FALSE,FALSE,"RON \""RON Q.\"" QUINCE",NO POLITICAL PARTY,FALSE,TOTAL,3321,322899,FALSE,20250910,FALSE
2024,NEVADA,NV,32,88,65,US HOUSE,1,GEN,FALSE,FALSE,WILLIAM HOGE,INDEPENDENT AMERICAN,FALSE,TOTAL,2736,322899,FALSE,20250910,FALSE
2024,NEVADA,NV,32,88,65,US HOUSE,2,GEN,FALSE,FALSE,GREG KIDD,NO POLITICAL PARTY,FALSE,TOTAL,144064,399584,FALSE,20250910,FALSE
2024,NEVADA,NV,32,88,65,US HOUSE,2,GEN,FALSE,FALSE,"JAVI \""TRUJILLO\"" TACHIQUIN",LIBERTARIAN,FALSE,TOTAL,15817,399584,FALSE,20250910,FALSE
2024,NEVADA,NV,32,88,65,US HOUSE,2,GEN,FALSE,FALSE,LYNN CHAPMAN,INDEPENDENT AMERICAN,FALSE,TOTAL,19784,399584,FALSE,20250910,FALSE
2024,NEVADA,NV,32,88,65,US HOUSE,2,GEN,FALSE,FALSE,MARK E. AMODEI,REPUBLICAN,FALSE,TOTAL,219919,399584,FALSE,20250910,FALSE
2024,NEVADA,NV,32,88,65,US HOUSE,3,GEN,FALSE,FALSE,DREW JOHNSON,REPUBLICAN,FALSE,TOTAL,181084,372388,FALSE,20250910,FALSE
2024,NEVADA,NV,32,88,65,US HOUSE,3,GEN,FALSE,FALSE,SUSIE LEE,DEMOCRAT,FALSE,TOTAL,191304,372388,FALSE,20250910,FALSE
2024,NEVADA,NV,32,88,65,US HOUSE,4,GEN,FALSE,FALSE,JOHN LEE,REPUBLICAN,FALSE,TOTAL,148061,332206,FALSE,20250910,FALSE
2024,NEVADA,NV,32,88,65,US HOUSE,4,GEN,FALSE,FALSE,RUSSELL BEST,INDEPENDENT AMERICAN,FALSE,TOTAL,4919,332206,FALSE,20250910,FALSE
2024,NEVADA,NV,32,88,65,US HOUSE,4,GEN,FALSE,FALSE,STEVEN HORSFORD,DEMOCRAT,FALSE,TOTAL,174926,332206,FALSE,20250910,FALSE
2024,NEVADA,NV,32,88,65,US HOUSE,4,GEN,FALSE,FALSE,"TIM \""T J\"" FERREIRA",LIBERTARIAN,FALSE,TOTAL,4300,332206,FALSE,20250910,FALSE
2024,NEW HAMPSHIRE,NH,33,12,4,US HOUSE,1,GEN,FALSE,FALSE,CHRIS PAPPAS,DEMOCRAT,FALSE,TOTAL,218577,416562,FALSE,20250910,FALSE
2024,NEW HAMPSHIRE,NH,33,12,4,US HOUSE,1,GEN,FALSE,FALSE,OVER VOTES,NA,FALSE,TOTAL,76,416562,FALSE,20250910,FALSE
2024,NEW HAMPSHIRE,NH,33,12,4,US HOUSE,1,GEN,FALSE,FALSE,RUSSELL PRESCOTT,REPUBLICAN,FALSE,TOTAL,185936,416562,FALSE,20250910,FALSE
2024,NEW HAMPSHIRE,NH,33,12,4,US HOUSE,1,GEN,FALSE,FALSE,UNDER VOTES,NA,FALSE,TOTAL,11678,416562,FALSE,20250910,FALSE
2024,NEW HAMPSHIRE,NH,33,12,4,US HOUSE,1,GEN,FALSE,FALSE,WRITEIN,NA,TRUE,TOTAL,295,416562,FALSE,20250910,FALSE
2024,NEW HAMPSHIRE,NH,33,12,4,US HOUSE,2,GEN,FALSE,FALSE,LILY TANG WILLIAMS,REPUBLICAN,FALSE,TOTAL,187810,414424,FALSE,20250910,FALSE
2024,NEW HAMPSHIRE,NH,33,12,4,US HOUSE,2,GEN,FALSE,FALSE,MAGGIE GOODLANDER,DEMOCRAT,FALSE,TOTAL,211641,414424,FALSE,20250910,FALSE
2024,NEW HAMPSHIRE,NH,33,12,4,US HOUSE,2,GEN,FALSE,FALSE,OVER VOTES,NA,FALSE,TOTAL,58,414424,FALSE,20250910,FALSE
2024,NEW HAMPSHIRE,NH,33,12,4,US HOUSE,2,GEN,FALSE,FALSE,UNDER VOTES,NA,FALSE,TOTAL,14548,414424,FALSE,20250910,FALSE
2024,NEW HAMPSHIRE,NH,33,12,4,US HOUSE,2,GEN,FALSE,FALSE,WRITEIN,NA,TRUE,TOTAL,367,414424,FALSE,20250910,FALSE
2024,NEW JERSEY,NJ,34,22,12,US HOUSE,1,GEN,FALSE,FALSE,AUSTIN JOHNSON,NO SLOGAN,FALSE,TOTAL,2091,361060,FALSE,20250910,FALSE
2024,NEW JERSEY,NJ,34,22,12,US HOUSE,1,GEN,FALSE,FALSE,DONALD NORCROSS,DEMOCRAT,FALSE,TOTAL,208808,361060,FALSE,20250910,FALSE
2024,NEW JERSEY,NJ,34,22,12,US HOUSE,1,GEN,FALSE,FALSE,ROBIN BROWNFIELD,GREEN,FALSE,TOTAL,5771,361060,FALSE,20250910,FALSE
2024,NEW JERSEY,NJ,34,22,12,US HOUSE,1,GEN,FALSE,FALSE,"THEODORE \""TEDDY\"" LIDDELL",REPUBLICAN,FALSE,TOTAL,144390,361060,FALSE,20250910,FALSE
2024,NEW JERSEY,NJ,34,22,12,US HOUSE,2,GEN,FALSE,FALSE,JEFFERSON VAN DREW,REPUBLICAN,FALSE,TOTAL,215946,371620,FALSE,20250910,FALSE
2024,NEW JERSEY,NJ,34,22,12,US HOUSE,2,GEN,FALSE,FALSE,JOSEPH F. SALERNO,DEMOCRAT,FALSE,TOTAL,153117,371620,FALSE,20250910,FALSE
2024,NEW JERSEY,NJ,34,22,12,US HOUSE,2,GEN,FALSE,FALSE,THOMAS CANNAVO,GREEN,FALSE,TOTAL,2557,371620,FALSE,20250910,FALSE
2024,NEW JERSEY,NJ,34,22,12,US HOUSE,3,GEN,FALSE,FALSE,CHRIS RUSSOMANNO,LIBERTARIAN,FALSE,TOTAL,1951,379484,FALSE,20250910,FALSE
2024,NEW JERSEY,NJ,34,22,12,US HOUSE,3,GEN,FALSE,FALSE,DOUGLAS ANTHONY WYNN,WHY NOT WYNN,FALSE,TOTAL,1332,379484,FALSE,20250910,FALSE
2024,NEW JERSEY,NJ,34,22,12,US HOUSE,3,GEN,FALSE,FALSE,HERB CONAWAY,DEMOCRAT,FALSE,TOTAL,202034,379484,FALSE,20250910,FALSE
2024,NEW JERSEY,NJ,34,22,12,US HOUSE,3,GEN,FALSE,FALSE,JUSTIN R. BARBERA,JOIN THE REVOLUTION,FALSE,TOTAL,1235,379484,FALSE,20250910,FALSE
2024,NEW JERSEY,NJ,34,22,12,US HOUSE,3,GEN,FALSE,FALSE,RAJESH MOHAN,REPUBLICAN,FALSE,TOTAL,169454,379484,FALSE,20250910,FALSE
2024,NEW JERSEY,NJ,34,22,12,US HOUSE,3,GEN,FALSE,FALSE,STEVEN WELZER,GREEN,FALSE,TOTAL,3478,379484,FALSE,20250910,FALSE
2024,NEW JERSEY,NJ,34,22,12,US HOUSE,4,GEN,FALSE,FALSE,BARRY BENDAR,GREEN,FALSE,TOTAL,1823,394228,FALSE,20250910,FALSE
2024,NEW JERSEY,NJ,34,22,12,US HOUSE,4,GEN,FALSE,FALSE,CHRISTOPHER H. SMITH,REPUBLICAN,FALSE,TOTAL,265652,394228,FALSE,20250910,FALSE
2024,NEW JERSEY,NJ,34,22,12,US HOUSE,4,GEN,FALSE,FALSE,JOHN MORRISON,LIBERTARIAN,FALSE,TOTAL,1950,394228,FALSE,20250910,FALSE
2024,NEW JERSEY,NJ,34,22,12,US HOUSE,4,GEN,FALSE,FALSE,MATTHEW JENKINS,DEMOCRAT,FALSE,TOTAL,124803,394228,FALSE,20250910,FALSE
2024,NEW JERSEY,NJ,34,22,12,US HOUSE,5,GEN,FALSE,FALSE,AAMIR ARIF,PEACE FREEDOM LIBERTY,FALSE,TOTAL,2375,381889,FALSE,20250910,FALSE
2024,NEW JERSEY,NJ,34,22,12,US HOUSE,5,GEN,FALSE,FALSE,BEAU FORTE,GREEN,FALSE,TOTAL,3428,381889,FALSE,20250910,FALSE
2024,NEW JERSEY,NJ,34,22,12,US HOUSE,5,GEN,FALSE,FALSE,JAMES TOSONE,LIBERTARIAN,FALSE,TOTAL,2440,381889,FALSE,20250910,FALSE
2024,NEW JERSEY,NJ,34,22,12,US HOUSE,5,GEN,FALSE,FALSE,JOSH GOTTHEIMER,DEMOCRAT,FALSE,TOTAL,208359,381889,FALSE,20250910,FALSE
2024,NEW JERSEY,NJ,34,22,12,US HOUSE,5,GEN,FALSE,FALSE,MARY JO GUINCHARD,REPUBLICAN,FALSE,TOTAL,165287,381889,FALSE,20250910,FALSE
2024,NEW JERSEY,NJ,34,22,12,US HOUSE,6,GEN,FALSE,FALSE,FAHAD AKHTAR,COMMON SENSE INDEPENDENT,FALSE,TOTAL,4871,303681,FALSE,20250910,FALSE
2024,NEW JERSEY,NJ,34,22,12,US HOUSE,6,GEN,FALSE,FALSE,"FRANK PALLONE, JR.",DEMOCRAT,FALSE,TOTAL,170275,303681,FALSE,20250910,FALSE
2024,NEW JERSEY,NJ,34,22,12,US HOUSE,6,GEN,FALSE,FALSE,HERB TARBOUS,GREEN,FALSE,TOTAL,4246,303681,FALSE,20250910,FALSE
2024,NEW JERSEY,NJ,34,22,12,US HOUSE,6,GEN,FALSE,FALSE,MATTHEW AMITRANO,LIBERTARIAN,FALSE,TOTAL,1770,303681,FALSE,20250910,FALSE
2024,NEW JERSEY,NJ,34,22,12,US HOUSE,6,GEN,FALSE,FALSE,SCOTT FEGLER,REPUBLICAN,FALSE,TOTAL,122519,303681,FALSE,20250910,FALSE
2024,NEW JERSEY,NJ,34,22,12,US HOUSE,7,GEN,FALSE,FALSE,ANDREW BLACK,GREEN,FALSE,TOTAL,4258,431398,FALSE,20250910,FALSE
2024,NEW JERSEY,NJ,34,22,12,US HOUSE,7,GEN,FALSE,FALSE,LANA LEGUIA,LIBERTARIAN,FALSE,TOTAL,3784,431398,FALSE,20250910,FALSE
2024,NEW JERSEY,NJ,34,22,12,US HOUSE,7,GEN,FALSE,FALSE,SUE ALTMAN,DEMOCRAT,FALSE,TOTAL,200025,431398,FALSE,20250910,FALSE
2024,NEW JERSEY,NJ,34,22,12,US HOUSE,7,GEN,FALSE,FALSE,"THOMAS H. KEAN, JR.",REPUBLICAN,FALSE,TOTAL,223331,431398,FALSE,20250910,FALSE
2024,NEW JERSEY,NJ,34,22,12,US HOUSE,8,GEN,FALSE,FALSE,ANTHONY VALDES,REPUBLICAN,FALSE,TOTAL,68152,196765,FALSE,20250910,FALSE
2024,NEW JERSEY,NJ,34,22,12,US HOUSE,8,GEN,FALSE,FALSE,CHRISTIAN J. ROBBINS,GREEN,FALSE,TOTAL,5465,196765,FALSE,20250910,FALSE
2024,NEW JERSEY,NJ,34,22,12,US HOUSE,8,GEN,FALSE,FALSE,LEA SHERMAN,SOCIALIST WORKERS,FALSE,TOTAL,2419,196765,FALSE,20250910,FALSE
2024,NEW JERSEY,NJ,34,22,12,US HOUSE,8,GEN,FALSE,FALSE,PABLO R. OLIVERA,LABOUR,FALSE,TOTAL,4295,196765,FALSE,20250910,FALSE
2024,NEW JERSEY,NJ,34,22,12,US HOUSE,8,GEN,FALSE,FALSE,ROBERT MENENDEZ,DEMOCRAT,FALSE,TOTAL,116434,196765,FALSE,20250910,FALSE
2024,NEW JERSEY,NJ,34,22,12,US HOUSE,9,GEN,FALSE,FALSE,BENJAMIN TAYLOR,GREEN,FALSE,TOTAL,5027,257013,FALSE,20250910,FALSE
2024,NEW JERSEY,NJ,34,22,12,US HOUSE,9,GEN,FALSE,FALSE,BILLY PREMPEH,REPUBLICAN,FALSE,TOTAL,117939,257013,FALSE,20250910,FALSE
2024,NEW JERSEY,NJ,34,22,12,US HOUSE,9,GEN,FALSE,FALSE,BRUNO PEREIRA,LIBERTARIAN,FALSE,TOTAL,3533,257013,FALSE,20250910,FALSE
2024,NEW JERSEY,NJ,34,22,12,US HOUSE,9,GEN,FALSE,FALSE,NELLIE POU,DEMOCRAT,FALSE,TOTAL,130514,257013,FALSE,20250910,FALSE
2024,NEW JERSEY,NJ,34,22,12,US HOUSE,10,GEN,FALSE,FALSE,CARMEN BUCCO,REPUBLICAN,FALSE,TOTAL,54405,244577,FALSE,20250910,FALSE
2024,NEW JERSEY,NJ,34,22,12,US HOUSE,10,GEN,FALSE,FALSE,CYNTHIA A. JOHNSON,C4C 2024,FALSE,TOTAL,2132,244577,FALSE,20250910,FALSE
2024,NEW JERSEY,NJ,34,22,12,US HOUSE,10,GEN,FALSE,FALSE,DONNA WEISS,SOCIAL ACTIVIST,FALSE,TOTAL,1136,244577,FALSE,20250910,FALSE
2024,NEW JERSEY,NJ,34,22,12,US HOUSE,10,GEN,FALSE,FALSE,JON CARLOS SERRANO,GREEN,FALSE,TOTAL,3198,244577,FALSE,20250910,FALSE
2024,NEW JERSEY,NJ,34,22,12,US HOUSE,10,GEN,FALSE,FALSE,LAMONICA MCIVER,DEMOCRAT,FALSE,TOTAL,182020,244577,FALSE,20250910,FALSE
2024,NEW JERSEY,NJ,34,22,12,US HOUSE,10,GEN,FALSE,FALSE,MICHELLE MIDDLETON,ALL OF US!,FALSE,TOTAL,1686,244577,FALSE,20250910,FALSE
2024,NEW JERSEY,NJ,34,22,12,US HOUSE,11,GEN,FALSE,FALSE,JOSEPH BELNOME,REPUBLICAN,FALSE,TOTAL,164556,393751,FALSE,20250910,FALSE
2024,NEW JERSEY,NJ,34,22,12,US HOUSE,11,GEN,FALSE,FALSE,JOSHUA LANZARA,TRUTH FREEDOM PROSPERITY,FALSE,TOTAL,1832,393751,FALSE,20250910,FALSE
2024,NEW JERSEY,NJ,34,22,12,US HOUSE,11,GEN,FALSE,FALSE,LILY BENAVIDES,GREEN,FALSE,TOTAL,4780,393751,FALSE,20250910,FALSE
2024,NEW JERSEY,NJ,34,22,12,US HOUSE,11,GEN,FALSE,FALSE,MIKIE SHERRILL,DEMOCRAT,FALSE,TOTAL,222583,393751,FALSE,20250910,FALSE
2024,NEW JERSEY,NJ,34,22,12,US HOUSE,12,GEN,FALSE,FALSE,BONNIE WATSON COLEMAN,DEMOCRAT,FALSE,TOTAL,196871,321660,FALSE,20250910,FALSE
2024,NEW JERSEY,NJ,34,22,12,US HOUSE,12,GEN,FALSE,FALSE,DARIUS MAYFIELD,REPUBLICAN,FALSE,TOTAL,117222,321660,FALSE,20250910,FALSE
2024,NEW JERSEY,NJ,34,22,12,US HOUSE,12,GEN,FALSE,FALSE,KIM MEUDT,GREEN,FALSE,TOTAL,4652,321660,FALSE,20250910,FALSE
2024,NEW JERSEY,NJ,34,22,12,US HOUSE,12,GEN,FALSE,FALSE,VIC KAPLAN,LIBERTARIAN,FALSE,TOTAL,2915,321660,FALSE,20250910,FALSE
2024,NEW MEXICO,NM,35,85,66,US HOUSE,1,GEN,FALSE,FALSE,MELANIE A. STANSBURY,DEMOCRAT,FALSE,TOTAL,193203,342749,FALSE,20250910,FALSE
2024,NEW MEXICO,NM,35,85,66,US HOUSE,1,GEN,FALSE,FALSE,STEVE JONES,REPUBLICAN,FALSE,TOTAL,149546,342749,FALSE,20250910,FALSE
2024,NEW MEXICO,NM,35,85,66,US HOUSE,2,GEN,FALSE,FALSE,GABE VASQUEZ,DEMOCRAT,FALSE,TOTAL,138177,265322,FALSE,20250910,FALSE
2024,NEW MEXICO,NM,35,85,66,US HOUSE,2,GEN,FALSE,FALSE,YVETTE HERRELL,REPUBLICAN,FALSE,TOTAL,127145,265322,FALSE,20250910,FALSE
2024,NEW MEXICO,NM,35,85,66,US HOUSE,3,GEN,FALSE,FALSE,SHARON E. CLAHCHISCHILLIAGE,REPUBLICAN,FALSE,TOTAL,126085,288427,FALSE,20250910,FALSE
2024,NEW MEXICO,NM,35,85,66,US HOUSE,3,GEN,FALSE,FALSE,TERESA LEGER FERNANDEZ,DEMOCRAT,FALSE,TOTAL,162342,288427,FALSE,20250910,FALSE
2024,NEW YORK,NY,36,21,13,US HOUSE,1,GEN,FALSE,FALSE,BLANK,NA,FALSE,TOTAL,19984,410100,FALSE,20250910,FALSE
2024,NEW YORK,NY,36,21,13,US HOUSE,1,GEN,FALSE,FALSE,JOHN P. AVLON,COMMON SENSE SUFFOLK,FALSE,TOTAL,1893,410100,FALSE,20250910,TRUE
2024,NEW YORK,NY,36,21,13,US HOUSE,1,GEN,FALSE,FALSE,NICK LALOTA,CONSERVATIVE,FALSE,TOTAL,25483,410100,FALSE,20250910,TRUE
2024,NEW YORK,NY,36,21,13,US HOUSE,1,GEN,FALSE,FALSE,JOHN P. AVLON,DEMOCRAT,FALSE,TOTAL,181647,410100,FALSE,20250910,FALSE
2024,NEW YORK,NY,36,21,13,US HOUSE,1,GEN,FALSE,FALSE,NICK LALOTA,REPUBLICAN,FALSE,TOTAL,200802,410100,FALSE,20250910,FALSE
2024,NEW YORK,NY,36,21,13,US HOUSE,1,GEN,FALSE,FALSE,SCATTERING,NA,FALSE,TOTAL,275,410100,FALSE,20250910,FALSE
2024,NEW YORK,NY,36,21,13,US HOUSE,1,GEN,FALSE,FALSE,VOID,NA,FALSE,TOTAL,376,410100,FALSE,20250910,FALSE
2024,NEW YORK,NY,36,21,13,US HOUSE,2,GEN,FALSE,FALSE,ANDREW R. GARBARINO,REPUBLICAN,FALSE,TOTAL,180374,339157,FALSE,20250910,FALSE
2024,NEW YORK,NY,36,21,13,US HOUSE,2,GEN,FALSE,FALSE,BLANK,NA,FALSE,TOTAL,23708,339157,FALSE,20250910,FALSE
2024,NEW YORK,NY,36,21,13,US HOUSE,2,GEN,FALSE,FALSE,ANDREW R. GARBARINO,CONSERVATIVE,FALSE,TOTAL,22223,339157,FALSE,20250910,TRUE
2024,NEW YORK,NY,36,21,13,US HOUSE,2,GEN,FALSE,FALSE,ROB LUBIN,DEMOCRAT,FALSE,TOTAL,129937,339157,FALSE,20250910,FALSE
2024,NEW YORK,NY,36,21,13,US HOUSE,2,GEN,FALSE,FALSE,SCATTERING,NA,FALSE,TOTAL,189,339157,FALSE,20250910,FALSE
2024,NEW YORK,NY,36,21,13,US HOUSE,2,GEN,FALSE,FALSE,VOID,NA,FALSE,TOTAL,251,339157,FALSE,20250910,FALSE
2024,NEW YORK,NY,36,21,13,US HOUSE,2,GEN,FALSE,FALSE,ROB LUBIN,WORKING FAMILIES,FALSE,TOTAL,6434,339157,FALSE,20250910,TRUE
2024,NEW YORK,NY,36,21,13,US HOUSE,3,GEN,FALSE,FALSE,BLANK,NA,FALSE,TOTAL,18315,363124,FALSE,20250910,FALSE
2024,NEW YORK,NY,36,21,13,US HOUSE,3,GEN,FALSE,FALSE,THOMAS R. SUOZZI,COMMON SENSE,FALSE,TOTAL,2160,363124,FALSE,20250910,TRUE
2024,NEW YORK,NY,36,21,13,US HOUSE,3,GEN,FALSE,FALSE,"MICHAEL J. LIPETRI, JR.",CONSERVATIVE,FALSE,TOTAL,13497,363124,FALSE,20250910,TRUE
2024,NEW YORK,NY,36,21,13,US HOUSE,3,GEN,FALSE,FALSE,"MICHAEL J. LIPETRI, JR.",REPUBLICAN,FALSE,TOTAL,161196,363124,FALSE,20250910,FALSE
2024,NEW YORK,NY,36,21,13,US HOUSE,3,GEN,FALSE,FALSE,SCATTERING,NA,FALSE,TOTAL,780,363124,FALSE,20250910,FALSE
2024,NEW YORK,NY,36,21,13,US HOUSE,3,GEN,FALSE,FALSE,THOMAS R. SUOZZI,DEMOCRAT,FALSE,TOTAL,185491,363124,FALSE,20250910,FALSE
2024,NEW YORK,NY,36,21,13,US HOUSE,3,GEN,FALSE,FALSE,VOID,NA,FALSE,TOTAL,443,363124,FALSE,20250910,FALSE
2024,NEW YORK,NY,36,21,13,US HOUSE,4,GEN,FALSE,FALSE,ANTHONY D’ESPOSITO,REPUBLICAN,FALSE,TOTAL,169641,375518,FALSE,20250910,FALSE
2024,NEW YORK,NY,36,21,13,US HOUSE,4,GEN,FALSE,FALSE,BLANK,NA,FALSE,TOTAL,16465,375518,FALSE,20250910,FALSE
2024,NEW YORK,NY,36,21,13,US HOUSE,4,GEN,FALSE,FALSE,LAURA A. GILLEN,COMMON SENSE,FALSE,TOTAL,1191,375518,FALSE,20250910,TRUE
2024,NEW YORK,NY,36,21,13,US HOUSE,4,GEN,FALSE,FALSE,ANTHONY D’ESPOSITO,CONSERVATIVE,FALSE,TOTAL,13516,375518,FALSE,20250910,TRUE
2024,NEW YORK,NY,36,21,13,US HOUSE,4,GEN,FALSE,FALSE,LAURA A. GILLEN,DEMOCRAT,FALSE,TOTAL,190569,375518,FALSE,20250910,FALSE
2024,NEW YORK,NY,36,21,13,US HOUSE,4,GEN,FALSE,FALSE,SCATTERING,NA,FALSE,TOTAL,601,375518,FALSE,20250910,FALSE
2024,NEW YORK,NY,36,21,13,US HOUSE,4,GEN,FALSE,FALSE,VOID,NA,FALSE,TOTAL,347,375518,FALSE,20250910,FALSE
2024,NEW YORK,NY,36,21,13,US HOUSE,5,GEN,FALSE,FALSE,BLANK,NA,FALSE,TOTAL,12060,231736,FALSE,20250910,FALSE
2024,NEW YORK,NY,36,21,13,US HOUSE,5,GEN,FALSE,FALSE,CONSERVATIVE,COMMON SENSE,FALSE,TOTAL,5840,231736,FALSE,20250910,TRUE
2024,NEW YORK,NY,36,21,13,US HOUSE,5,GEN,FALSE,FALSE,GREGORY W. MEEKS,DEMOCRAT,FALSE,TOTAL,168425,231736,FALSE,20250910,FALSE
2024,NEW YORK,NY,36,21,13,US HOUSE,5,GEN,FALSE,FALSE,PAUL KING,REPUBLICAN,FALSE,TOTAL,56689,231736,FALSE,20250910,FALSE
2024,NEW YORK,NY,36,21,13,US HOUSE,5,GEN,FALSE,FALSE,SCATTERING,NA,FALSE,TOTAL,782,231736,FALSE,20250910,FALSE
2024,NEW YORK,NY,36,21,13,US HOUSE,6,GEN,FALSE,FALSE,BLANK,NA,FALSE,TOTAL,12467,198690,FALSE,20250910,FALSE
2024,NEW YORK,NY,36,21,13,US HOUSE,6,GEN,FALSE,FALSE,THOMAS J. ZMICH,CONSERVATIVE,FALSE,TOTAL,4905,198690,FALSE,20250910,TRUE
2024,NEW YORK,NY,36,21,13,US HOUSE,6,GEN,FALSE,FALSE,GRACE MENG,DEMOCRAT,FALSE,TOTAL,120205,198690,FALSE,20250910,FALSE
2024,NEW YORK,NY,36,21,13,US HOUSE,6,GEN,FALSE,FALSE,JOSEPH J. CHOU,TRUTH,FALSE,TOTAL,3272,198690,FALSE,20250910,FALSE
2024,NEW YORK,NY,36,21,13,US HOUSE,6,GEN,FALSE,FALSE,SCATTERING,NA,FALSE,TOTAL,654,198690,FALSE,20250910,FALSE
2024,NEW YORK,NY,36,21,13,US HOUSE,6,GEN,FALSE,FALSE,THOMAS J. ZMICH,REPUBLICAN,FALSE,TOTAL,69654,198690,FALSE,20250910,FALSE
2024,NEW YORK,NY,36,21,13,US HOUSE,7,GEN,FALSE,FALSE,BILL KREGLER,REPUBLICAN,FALSE,TOTAL,43052,221779,FALSE,20250910,FALSE
2024,NEW YORK,NY,36,21,13,US HOUSE,7,GEN,FALSE,FALSE,BLANK,NA,FALSE,TOTAL,15556,221779,FALSE,20250910,FALSE
2024,NEW YORK,NY,36,21,13,US HOUSE,7,GEN,FALSE,FALSE,BILL KREGLER,CONSERVATIVE,FALSE,TOTAL,5383,221779,FALSE,20250910,TRUE
2024,NEW YORK,NY,36,21,13,US HOUSE,7,GEN,FALSE,FALSE,NYDIA M. VELáZQUEZ,DEMOCRAT,FALSE,TOTAL,145141,221779,FALSE,20250910,FALSE
2024,NEW YORK,NY,36,21,13,US HOUSE,7,GEN,FALSE,FALSE,SCATTERING,NA,FALSE,TOTAL,549,221779,FALSE,20250910,FALSE
2024,NEW YORK,NY,36,21,13,US HOUSE,7,GEN,FALSE,FALSE,NYDIA M. VELáZQUEZ,WORKING FAMILIES,FALSE,TOTAL,27654,221779,FALSE,20250910,TRUE
2024,NEW YORK,NY,36,21,13,US HOUSE,8,GEN,FALSE,FALSE,BLANK,NA,FALSE,TOTAL,17346,223804,FALSE,20250910,FALSE
2024,NEW YORK,NY,36,21,13,US HOUSE,8,GEN,FALSE,FALSE,JOHN J. DELANEY,CONSERVATIVE,FALSE,TOTAL,6494,223804,FALSE,20250910,TRUE
2024,NEW YORK,NY,36,21,13,US HOUSE,8,GEN,FALSE,FALSE,HAKEEM S. JEFFRIES,DEMOCRAT,FALSE,TOTAL,168036,223804,FALSE,20250910,FALSE
2024,NEW YORK,NY,36,21,13,US HOUSE,8,GEN,FALSE,FALSE,JOHN J. DELANEY,REPUBLICAN,FALSE,TOTAL,48369,223804,FALSE,20250910,FALSE
2024,NEW YORK,NY,36,21,13,US HOUSE,8,GEN,FALSE,FALSE,SCATTERING,NA,FALSE,TOTAL,905,223804,FALSE,20250910,FALSE
2024,NEW YORK,NY,36,21,13,US HOUSE,9,GEN,FALSE,FALSE,BLANK,NA,FALSE,TOTAL,17562,235772,FALSE,20250910,FALSE
2024,NEW YORK,NY,36,21,13,US HOUSE,9,GEN,FALSE,FALSE,MENACHEM M. RAITPORT,CONSERVATIVE,FALSE,TOTAL,8606,235772,FALSE,20250910,TRUE
2024,NEW YORK,NY,36,21,13,US HOUSE,9,GEN,FALSE,FALSE,MENACHEM M. RAITPORT,REPUBLICAN,FALSE,TOTAL,51458,235772,FALSE,20250910,FALSE
2024,NEW YORK,NY,36,21,13,US HOUSE,9,GEN,FALSE,FALSE,SCATTERING,NA,FALSE,TOTAL,2501,235772,FALSE,20250910,FALSE
2024,NEW YORK,NY,36,21,13,US HOUSE,9,GEN,FALSE,FALSE,YVETTE D. CLARKE,DEMOCRAT,FALSE,TOTAL,173207,235772,FALSE,20250910,FALSE
2024,NEW YORK,NY,36,21,13,US HOUSE,10,GEN,FALSE,FALSE,ALEXANDER DODENHOFF,REPUBLICAN,FALSE,TOTAL,37555,254556,FALSE,20250910,FALSE
2024,NEW YORK,NY,36,21,13,US HOUSE,10,GEN,FALSE,FALSE,BLANK,NA,FALSE,TOTAL,24718,254556,FALSE,20250910,FALSE
2024,NEW YORK,NY,36,21,13,US HOUSE,10,GEN,FALSE,FALSE,DANIEL S. GOLDMAN,DEMOCRAT,FALSE,TOTAL,206206,254556,FALSE,20250910,FALSE
2024,NEW YORK,NY,36,21,13,US HOUSE,10,GEN,FALSE,FALSE,PAUL J. BRISCOE,CONSERVATIVE,FALSE,TOTAL,6747,254556,FALSE,20250910,FALSE
2024,NEW YORK,NY,36,21,13,US HOUSE,10,GEN,FALSE,FALSE,SCATTERING,NA,FALSE,TOTAL,4048,254556,FALSE,20250910,FALSE
2024,NEW YORK,NY,36,21,13,US HOUSE,11,GEN,FALSE,FALSE,ANDREA S. MORSE,DEMOCRAT,FALSE,TOTAL,93586,261728,FALSE,20250910,FALSE
2024,NEW YORK,NY,36,21,13,US HOUSE,11,GEN,FALSE,FALSE,BLANK,NA,FALSE,TOTAL,12861,261728,FALSE,20250910,FALSE
2024,NEW YORK,NY,36,21,13,US HOUSE,11,GEN,FALSE,FALSE,NICOLE MALLIOTAKIS,CONSERVATIVE,FALSE,TOTAL,13994,261728,FALSE,20250910,TRUE
2024,NEW YORK,NY,36,21,13,US HOUSE,11,GEN,FALSE,FALSE,NICOLE MALLIOTAKIS,REPUBLICAN,FALSE,TOTAL,153105,261728,FALSE,20250910,FALSE
2024,NEW YORK,NY,36,21,13,US HOUSE,11,GEN,FALSE,FALSE,SCATTERING,NA,FALSE,TOTAL,1043,261728,FALSE,20250910,FALSE
2024,NEW YORK,NY,36,21,13,US HOUSE,12,GEN,FALSE,FALSE,BLANK,NA,FALSE,TOTAL,17949,324020,FALSE,20250910,FALSE
2024,NEW YORK,NY,36,21,13,US HOUSE,12,GEN,FALSE,FALSE,JERROLD NADLER,DEMOCRAT,FALSE,TOTAL,243111,324020,FALSE,20250910,FALSE
2024,NEW YORK,NY,36,21,13,US HOUSE,12,GEN,FALSE,FALSE,MICHAEL K. ZUMBLUSKAS,REPUBLICAN,FALSE,TOTAL,62989,324020,FALSE,20250910,FALSE
2024,NEW YORK,NY,36,21,13,US HOUSE,12,GEN,FALSE,FALSE,SCATTERING,NA,FALSE,TOTAL,866,324020,FALSE,20250910,FALSE
2024,NEW YORK,NY,36,21,13,US HOUSE,12,GEN,FALSE,FALSE,JERROLD NADLER,WORKING FAMILIES,FALSE,TOTAL,17054,324020,FALSE,20250910,TRUE
2024,NEW YORK,NY,36,21,13,US HOUSE,13,GEN,FALSE,FALSE,ADRIANO ESPAILLAT,DEMOCRAT,FALSE,TOTAL,181800,218973,FALSE,20250910,FALSE
2024,NEW YORK,NY,36,21,13,US HOUSE,13,GEN,FALSE,FALSE,BLANK,NA,FALSE,TOTAL,22917,218973,FALSE,20250910,FALSE
2024,NEW YORK,NY,36,21,13,US HOUSE,13,GEN,FALSE,FALSE,RUBEN D. VARGAS,CONSERVATIVE,FALSE,TOTAL,3751,218973,FALSE,20250910,TRUE
2024,NEW YORK,NY,36,21,13,US HOUSE,13,GEN,FALSE,FALSE,RUBEN D. VARGAS,REPUBLICAN,FALSE,TOTAL,32071,218973,FALSE,20250910,FALSE
2024,NEW YORK,NY,36,21,13,US HOUSE,13,GEN,FALSE,FALSE,SCATTERING,NA,FALSE,TOTAL,1351,218973,FALSE,20250910,FALSE
2024,NEW YORK,NY,36,21,13,US HOUSE,14,GEN,FALSE,FALSE,ALEXANDRIA OCASIO-CORTEZ,DEMOCRAT,FALSE,TOTAL,118477,192551,FALSE,20250910,FALSE
2024,NEW YORK,NY,36,21,13,US HOUSE,14,GEN,FALSE,FALSE,BLANK,NA,FALSE,TOTAL,12366,192551,FALSE,20250910,FALSE
2024,NEW YORK,NY,36,21,13,US HOUSE,14,GEN,FALSE,FALSE,TINA FORTE,CONSERVATIVE,FALSE,TOTAL,4921,192551,FALSE,20250910,TRUE
2024,NEW YORK,NY,36,21,13,US HOUSE,14,GEN,FALSE,FALSE,SCATTERING,NA,FALSE,TOTAL,759,192551,FALSE,20250910,FALSE
2024,NEW YORK,NY,36,21,13,US HOUSE,14,GEN,FALSE,FALSE,TINA FORTE,REPUBLICAN,FALSE,TOTAL,54157,192551,FALSE,20250910,FALSE
2024,NEW YORK,NY,36,21,13,US HOUSE,14,GEN,FALSE,FALSE,ALEXANDRIA OCASIO-CORTEZ,WORKING FAMILIES,FALSE,TOTAL,14237,192551,FALSE,20250910,TRUE
2024,NEW YORK,NY,36,21,13,US HOUSE,15,GEN,FALSE,FALSE,BLANK,NA,FALSE,TOTAL,17450,171095,FALSE,20250910,FALSE
2024,NEW YORK,NY,36,21,13,US HOUSE,15,GEN,FALSE,FALSE,GONZALO DURAN,CONSERVATIVE,FALSE,TOTAL,3516,171095,FALSE,20250910,TRUE
2024,NEW YORK,NY,36,21,13,US HOUSE,15,GEN,FALSE,FALSE,GONZALO DURAN,REPUBLICAN,FALSE,TOTAL,32494,171095,FALSE,20250910,FALSE
2024,NEW YORK,NY,36,21,13,US HOUSE,15,GEN,FALSE,FALSE,JOSE VEGA,LAROUCHE,FALSE,TOTAL,4086,171095,FALSE,20250910,FALSE
2024,NEW YORK,NY,36,21,13,US HOUSE,15,GEN,FALSE,FALSE,RITCHIE TORRES,DEMOCRAT,FALSE,TOTAL,130392,171095,FALSE,20250910,FALSE
2024,NEW YORK,NY,36,21,13,US HOUSE,15,GEN,FALSE,FALSE,SCATTERING,NA,FALSE,TOTAL,607,171095,FALSE,20250910,FALSE
2024,NEW YORK,NY,36,21,13,US HOUSE,16,GEN,FALSE,FALSE,BLANK,NA,FALSE,TOTAL,26008,305079,FALSE,20250910,FALSE
2024,NEW YORK,NY,36,21,13,US HOUSE,16,GEN,FALSE,FALSE,GEORGE S. LATIMER,DEMOCRAT,FALSE,TOTAL,217668,305079,FALSE,20250910,FALSE
2024,NEW YORK,NY,36,21,13,US HOUSE,16,GEN,FALSE,FALSE,MIRIAM LEVITT FLISSER,REPUBLICAN,FALSE,TOTAL,86408,305079,FALSE,20250910,FALSE
2024,NEW YORK,NY,36,21,13,US HOUSE,16,GEN,FALSE,FALSE,SCATTERING,NA,FALSE,TOTAL,1003,305079,FALSE,20250910,FALSE
2024,NEW YORK,NY,36,21,13,US HOUSE,17,GEN,FALSE,FALSE,ANTHONY FRASCONE,WORKING FAMILIES,FALSE,TOTAL,7530,379508,FALSE,20250910,FALSE
2024,NEW YORK,NY,36,21,13,US HOUSE,17,GEN,FALSE,FALSE,BLANK,NA,FALSE,TOTAL,13917,379508,FALSE,20250910,FALSE
2024,NEW YORK,NY,36,21,13,US HOUSE,17,GEN,FALSE,FALSE,MICHAEL LAWLER,CONSERVATIVE,FALSE,TOTAL,16921,379508,FALSE,20250910,TRUE
2024,NEW YORK,NY,36,21,13,US HOUSE,17,GEN,FALSE,FALSE,MICHAEL LAWLER,REPUBLICAN,FALSE,TOTAL,180924,379508,FALSE,20250910,FALSE
2024,NEW YORK,NY,36,21,13,US HOUSE,17,GEN,FALSE,FALSE,MONDAIRE L. JONES,DEMOCRAT,FALSE,TOTAL,173899,379508,FALSE,20250910,FALSE
2024,NEW YORK,NY,36,21,13,US HOUSE,17,GEN,FALSE,FALSE,SCATTERING,NA,FALSE,TOTAL,234,379508,FALSE,20250910,FALSE
2024,NEW YORK,NY,36,21,13,US HOUSE,17,GEN,FALSE,FALSE,VOID,NA,FALSE,TOTAL,535,379508,FALSE,20250910,FALSE
2024,NEW YORK,NY,36,21,13,US HOUSE,18,GEN,FALSE,FALSE,ALISON ESPOSITO,REPUBLICAN,FALSE,TOTAL,138409,362509,FALSE,20250910,FALSE
2024,NEW YORK,NY,36,21,13,US HOUSE,18,GEN,FALSE,FALSE,BLANK,NA,FALSE,TOTAL,13490,362509,FALSE,20250910,FALSE
2024,NEW YORK,NY,36,21,13,US HOUSE,18,GEN,FALSE,FALSE,ALISON ESPOSITO,CONSERVATIVE,FALSE,TOTAL,16720,362509,FALSE,20250910,TRUE
2024,NEW YORK,NY,36,21,13,US HOUSE,18,GEN,FALSE,FALSE,PATRICK RYAN,DEMOCRAT,FALSE,TOTAL,189345,362509,FALSE,20250910,FALSE
2024,NEW YORK,NY,36,21,13,US HOUSE,18,GEN,FALSE,FALSE,SCATTERING,NA,FALSE,TOTAL,274,362509,FALSE,20250910,FALSE
2024,NEW YORK,NY,36,21,13,US HOUSE,18,GEN,FALSE,FALSE,VOID,NA,FALSE,TOTAL,289,362509,FALSE,20250910,FALSE
2024,NEW YORK,NY,36,21,13,US HOUSE,18,GEN,FALSE,FALSE,PATRICK RYAN,WORKING FAMILIES,FALSE,TOTAL,17761,362509,FALSE,20250910,TRUE
2024,NEW YORK,NY,36,21,13,US HOUSE,19,GEN,FALSE,FALSE,BLANK,NA,FALSE,TOTAL,11862,377343,FALSE,20250910,FALSE
2024,NEW YORK,NY,36,21,13,US HOUSE,19,GEN,FALSE,FALSE,MARCUS J. MOLINARO,CONSERVATIVE,FALSE,TOTAL,20289,377343,FALSE,20250910,TRUE
2024,NEW YORK,NY,36,21,13,US HOUSE,19,GEN,FALSE,FALSE,JOSH RILEY,DEMOCRAT,FALSE,TOTAL,170049,377343,FALSE,20250910,FALSE
2024,NEW YORK,NY,36,21,13,US HOUSE,19,GEN,FALSE,FALSE,MARCUS J. MOLINARO,REPUBLICAN,FALSE,TOTAL,164001,377343,FALSE,20250910,FALSE
2024,NEW YORK,NY,36,21,13,US HOUSE,19,GEN,FALSE,FALSE,SCATTERING,NA,FALSE,TOTAL,406,377343,FALSE,20250910,FALSE
2024,NEW YORK,NY,36,21,13,US HOUSE,19,GEN,FALSE,FALSE,VOID,NA,FALSE,TOTAL,121,377343,FALSE,20250910,FALSE
2024,NEW YORK,NY,36,21,13,US HOUSE,19,GEN,FALSE,FALSE,JOSH RILEY,WORKING FAMILIES,FALSE,TOTAL,22598,377343,FALSE,20250910,TRUE
2024,NEW YORK,NY,36,21,13,US HOUSE,20,GEN,FALSE,FALSE,BLANK,NA,FALSE,TOTAL,14140,363445,FALSE,20250910,FALSE
2024,NEW YORK,NY,36,21,13,US HOUSE,20,GEN,FALSE,FALSE,KEVIN M. WALTZ,CONSERVATIVE,FALSE,TOTAL,19542,363445,FALSE,20250910,TRUE
2024,NEW YORK,NY,36,21,13,US HOUSE,20,GEN,FALSE,FALSE,KEVIN M. WALTZ,REPUBLICAN,FALSE,TOTAL,121609,363445,FALSE,20250910,FALSE
2024,NEW YORK,NY,36,21,13,US HOUSE,20,GEN,FALSE,FALSE,PAUL TONKO,DEMOCRAT,FALSE,TOTAL,200354,363445,FALSE,20250910,FALSE
2024,NEW YORK,NY,36,21,13,US HOUSE,20,GEN,FALSE,FALSE,SCATTERING,NA,FALSE,TOTAL,297,363445,FALSE,20250910,FALSE
2024,NEW YORK,NY,36,21,13,US HOUSE,20,GEN,FALSE,FALSE,VOID,NA,FALSE,TOTAL,163,363445,FALSE,20250910,FALSE
2024,NEW YORK,NY,36,21,13,US HOUSE,20,GEN,FALSE,FALSE,PAUL TONKO,WORKING FAMILIES,FALSE,TOTAL,21643,363445,FALSE,20250910,TRUE
2024,NEW YORK,NY,36,21,13,US HOUSE,21,GEN,FALSE,FALSE,BLANK,NA,FALSE,TOTAL,11688,348640,FALSE,20250910,FALSE
2024,NEW YORK,NY,36,21,13,US HOUSE,21,GEN,FALSE,FALSE,ELISE M. STEFANIK,CONSERVATIVE,FALSE,TOTAL,20532,348640,FALSE,20250910,TRUE
2024,NEW YORK,NY,36,21,13,US HOUSE,21,GEN,FALSE,FALSE,ELISE M. STEFANIK,REPUBLICAN,FALSE,TOTAL,195464,348640,FALSE,20250910,FALSE
2024,NEW YORK,NY,36,21,13,US HOUSE,21,GEN,FALSE,FALSE,PAULA COLLINS,DEMOCRAT,FALSE,TOTAL,121289,348640,FALSE,20250910,FALSE
2024,NEW YORK,NY,36,21,13,US HOUSE,21,GEN,FALSE,FALSE,SCATTERING,NA,FALSE,TOTAL,197,348640,FALSE,20250910,FALSE
2024,NEW YORK,NY,36,21,13,US HOUSE,21,GEN,FALSE,FALSE,VOID,NA,FALSE,TOTAL,130,348640,FALSE,20250910,FALSE
2024,NEW YORK,NY,36,21,13,US HOUSE,21,GEN,FALSE,FALSE,PAULA COLLINS,WORKING FAMILIES,FALSE,TOTAL,11158,348640,FALSE,20250910,TRUE
2024,NEW YORK,NY,36,21,13,US HOUSE,22,GEN,FALSE,FALSE,BLANK,NA,FALSE,TOTAL,10310,356792,FALSE,20250910,FALSE
2024,NEW YORK,NY,36,21,13,US HOUSE,22,GEN,FALSE,FALSE,BRANDON WILLIAMS,REPUBLICAN,FALSE,TOTAL,142082,356792,FALSE,20250910,FALSE
2024,NEW YORK,NY,36,21,13,US HOUSE,22,GEN,FALSE,FALSE,BRANDON WILLIAMS,CONSERVATIVE,FALSE,TOTAL,19857,356792,FALSE,20250910,TRUE
2024,NEW YORK,NY,36,21,13,US HOUSE,22,GEN,FALSE,FALSE,JOHN W. MANNION,DEMOCRAT,FALSE,TOTAL,178394,356792,FALSE,20250910,FALSE
2024,NEW YORK,NY,36,21,13,US HOUSE,22,GEN,FALSE,FALSE,SCATTERING,NA,FALSE,TOTAL,403,356792,FALSE,20250910,FALSE
2024,NEW YORK,NY,36,21,13,US HOUSE,22,GEN,FALSE,FALSE,VOID,NA,FALSE,TOTAL,161,356792,FALSE,20250910,FALSE
2024,NEW YORK,NY,36,21,13,US HOUSE,22,GEN,FALSE,FALSE,JOHN W. MANNION,WORKING FAMILIES,FALSE,TOTAL,16056,356792,FALSE,20250910,TRUE
2024,NEW YORK,NY,36,21,13,US HOUSE,23,GEN,FALSE,FALSE,BLANK,NA,FALSE,TOTAL,21881,375594,FALSE,20250910,FALSE
2024,NEW YORK,NY,36,21,13,US HOUSE,23,GEN,FALSE,FALSE,NICHOLAS A. LANGWORTHY,CONSERVATIVE,FALSE,TOTAL,33041,375594,FALSE,20250910,TRUE
2024,NEW YORK,NY,36,21,13,US HOUSE,23,GEN,FALSE,FALSE,NICHOLAS A. LANGWORTHY,REPUBLICAN,FALSE,TOTAL,213928,375594,FALSE,20250910,FALSE
2024,NEW YORK,NY,36,21,13,US HOUSE,23,GEN,FALSE,FALSE,SCATTERING,NA,FALSE,TOTAL,228,375594,FALSE,20250910,FALSE
2024,NEW YORK,NY,36,21,13,US HOUSE,23,GEN,FALSE,FALSE,THOMAS A. CARLE,DEMOCRAT,FALSE,TOTAL,128397,375594,FALSE,20250910,FALSE
2024,NEW YORK,NY,36,21,13,US HOUSE,23,GEN,FALSE,FALSE,VOID,NA,FALSE,TOTAL,146,375594,FALSE,20250910,FALSE
2024,NEW YORK,NY,36,21,13,US HOUSE,24,GEN,FALSE,FALSE,BLANK,NA,FALSE,TOTAL,19371,359407,FALSE,20250910,FALSE
2024,NEW YORK,NY,36,21,13,US HOUSE,24,GEN,FALSE,FALSE,CLAUDIA TENNEY,REPUBLICAN,FALSE,TOTAL,207078,359407,FALSE,20250910,FALSE
2024,NEW YORK,NY,36,21,13,US HOUSE,24,GEN,FALSE,FALSE,CLAUDIA TENNEY,CONSERVATIVE,FALSE,TOTAL,28789,359407,FALSE,20250910,TRUE
2024,NEW YORK,NY,36,21,13,US HOUSE,24,GEN,FALSE,FALSE,DAVID WAGENHAUSER,DEMOCRAT,FALSE,TOTAL,123317,359407,FALSE,20250910,FALSE
2024,NEW YORK,NY,36,21,13,US HOUSE,24,GEN,FALSE,FALSE,SCATTERING,NA,FALSE,TOTAL,223,359407,FALSE,20250910,FALSE
2024,NEW YORK,NY,36,21,13,US HOUSE,24,GEN,FALSE,FALSE,VOID,NA,FALSE,TOTAL,133,359407,FALSE,20250910,FALSE
2024,NEW YORK,NY,36,21,13,US HOUSE,25,GEN,FALSE,FALSE,BLANK,NA,FALSE,TOTAL,18899,360633,FALSE,20250910,FALSE
2024,NEW YORK,NY,36,21,13,US HOUSE,25,GEN,FALSE,FALSE,GREGG A. SADWICK,REPUBLICAN,FALSE,TOTAL,141195,360633,FALSE,20250910,FALSE
2024,NEW YORK,NY,36,21,13,US HOUSE,25,GEN,FALSE,FALSE,JOSEPH D. MORELLE,DEMOCRAT,FALSE,TOTAL,200507,360633,FALSE,20250910,FALSE
2024,NEW YORK,NY,36,21,13,US HOUSE,25,GEN,FALSE,FALSE,SCATTERING,NA,FALSE,TOTAL,263,360633,FALSE,20250910,FALSE
2024,NEW YORK,NY,36,21,13,US HOUSE,25,GEN,FALSE,FALSE,VOID,NA,FALSE,TOTAL,84,360633,FALSE,20250910,FALSE
2024,NEW YORK,NY,36,21,13,US HOUSE,25,GEN,FALSE,FALSE,JOSEPH D. MORELLE,WORKING FAMILIES,FALSE,TOTAL,18668,360633,FALSE,20250910,TRUE
2024,NEW YORK,NY,36,21,13,US HOUSE,26,GEN,FALSE,FALSE,ANTHONY G. MARECKI,REPUBLICAN,FALSE,TOTAL,95035,321304,FALSE,20250910,FALSE
2024,NEW YORK,NY,36,21,13,US HOUSE,26,GEN,FALSE,FALSE,BLANK,NA,FALSE,TOTAL,20903,321304,FALSE,20250910,FALSE
2024,NEW YORK,NY,36,21,13,US HOUSE,26,GEN,FALSE,FALSE,ANTHONY G. MARECKI,CONSERVATIVE,FALSE,TOTAL,16737,321304,FALSE,20250910,TRUE
2024,NEW YORK,NY,36,21,13,US HOUSE,26,GEN,FALSE,FALSE,SCATTERING,NA,FALSE,TOTAL,401,321304,FALSE,20250910,FALSE
2024,NEW YORK,NY,36,21,13,US HOUSE,26,GEN,FALSE,FALSE,TIMOTHY M. KENNEDY,DEMOCRAT,FALSE,TOTAL,190668,321304,FALSE,20250910,FALSE
2024,NEW YORK,NY,36,21,13,US HOUSE,26,GEN,FALSE,FALSE,VOID,NA,FALSE,TOTAL,197,321304,FALSE,20250910,FALSE
2024,NEW YORK,NY,36,21,13,US HOUSE,26,GEN,FALSE,FALSE,TIMOTHY M. KENNEDY,WORKING FAMILIES,FALSE,TOTAL,18463,321304,FALSE,20250910,TRUE
2024,NORTH CAROLINA,NC,37,56,47,US HOUSE,1,GEN,FALSE,FALSE,DONALD G. DAVIS,DEMOCRAT,FALSE,TOTAL,186341,376324,FALSE,20250910,FALSE
2024,NORTH CAROLINA,NC,37,56,47,US HOUSE,1,GEN,FALSE,FALSE,LAURIE BUCKHOUT,REPUBLICAN,FALSE,TOTAL,180034,376324,FALSE,20250910,FALSE
2024,NORTH CAROLINA,NC,37,56,47,US HOUSE,1,GEN,FALSE,FALSE,TOM BAILEY,LIBERTARIAN,FALSE,TOTAL,9949,376324,FALSE,20250910,FALSE
2024,NORTH CAROLINA,NC,37,56,47,US HOUSE,2,GEN,FALSE,FALSE,ALAN D. SWAIN,REPUBLICAN,FALSE,TOTAL,128164,405517,FALSE,20250910,FALSE
2024,NORTH CAROLINA,NC,37,56,47,US HOUSE,2,GEN,FALSE,FALSE,DEBORAH K. ROSS,DEMOCRAT,FALSE,TOTAL,268662,405517,FALSE,20250910,FALSE
2024,NORTH CAROLINA,NC,37,56,47,US HOUSE,2,GEN,FALSE,FALSE,MICHAEL DUBLIN,GREEN,FALSE,TOTAL,8691,405517,FALSE,20250910,FALSE
2024,NORTH CAROLINA,NC,37,56,47,US HOUSE,3,GEN,FALSE,FALSE,GHEORGHE CORMOS,LIBERTARIAN,FALSE,TOTAL,72565,320841,FALSE,20250910,FALSE
2024,NORTH CAROLINA,NC,37,56,47,US HOUSE,3,GEN,FALSE,FALSE,GREGORY F. MURPHY,REPUBLICAN,FALSE,TOTAL,248276,320841,FALSE,20250910,FALSE
2024,NORTH CAROLINA,NC,37,56,47,US HOUSE,4,GEN,FALSE,FALSE,ERIC BLANKENBURG,REPUBLICAN,FALSE,TOTAL,112084,428780,FALSE,20250910,FALSE
2024,NORTH CAROLINA,NC,37,56,47,US HOUSE,4,GEN,FALSE,FALSE,GUY MEILLEUR,LIBERTARIAN,FALSE,TOTAL,8632,428780,FALSE,20250910,FALSE
2024,NORTH CAROLINA,NC,37,56,47,US HOUSE,4,GEN,FALSE,FALSE,VALERIE P. FOUSHEE,DEMOCRAT,FALSE,TOTAL,308064,428780,FALSE,20250910,FALSE
2024,NORTH CAROLINA,NC,37,56,47,US HOUSE,5,GEN,FALSE,FALSE,CHUCK HUBBARD,DEMOCRAT,FALSE,TOTAL,162390,400694,FALSE,20250910,FALSE
2024,NORTH CAROLINA,NC,37,56,47,US HOUSE,5,GEN,FALSE,FALSE,VIRGINIA FOXX,REPUBLICAN,FALSE,TOTAL,238304,400694,FALSE,20250910,FALSE
2024,NORTH CAROLINA,NC,37,56,47,US HOUSE,6,GEN,FALSE,FALSE,ADDISON MCDOWELL,REPUBLICAN,FALSE,TOTAL,233303,337320,FALSE,20250910,FALSE
2024,NORTH CAROLINA,NC,37,56,47,US HOUSE,6,GEN,FALSE,FALSE,KEVIN E. HAYES,CONSTITUTION,FALSE,TOTAL,104017,337320,FALSE,20250910,FALSE
2024,NORTH CAROLINA,NC,37,56,47,US HOUSE,7,GEN,FALSE,FALSE,DAVID ROUZER,REPUBLICAN,FALSE,TOTAL,254022,433534,FALSE,20250910,FALSE
2024,NORTH CAROLINA,NC,37,56,47,US HOUSE,7,GEN,FALSE,FALSE,MARLANDO D. PRIDGEN,DEMOCRAT,FALSE,TOTAL,179512,433534,FALSE,20250910,FALSE
2024,NORTH CAROLINA,NC,37,56,47,US HOUSE,8,GEN,FALSE,FALSE,JUSTIN E. DUES,DEMOCRAT,FALSE,TOTAL,161709,400349,FALSE,20250910,FALSE
2024,NORTH CAROLINA,NC,37,56,47,US HOUSE,8,GEN,FALSE,FALSE,MARK HARRIS,REPUBLICAN,FALSE,TOTAL,238640,400349,FALSE,20250910,FALSE
2024,NORTH CAROLINA,NC,37,56,47,US HOUSE,9,GEN,FALSE,FALSE,NIGEL WILLIAM BRISTOW,DEMOCRAT,FALSE,TOTAL,140852,373077,FALSE,20250910,FALSE
2024,NORTH CAROLINA,NC,37,56,47,US HOUSE,9,GEN,FALSE,FALSE,RICHARD HUDSON,REPUBLICAN,FALSE,TOTAL,210042,373077,FALSE,20250910,FALSE
2024,NORTH CAROLINA,NC,37,56,47,US HOUSE,9,GEN,FALSE,FALSE,SHELANE ETCHISON,UNAFFILIATED,FALSE,TOTAL,22183,373077,FALSE,20250910,FALSE
2024,NORTH CAROLINA,NC,37,56,47,US HOUSE,10,GEN,FALSE,FALSE,PAT HARRIGAN,REPUBLICAN,FALSE,TOTAL,233814,406695,FALSE,20250910,FALSE
2024,NORTH CAROLINA,NC,37,56,47,US HOUSE,10,GEN,FALSE,FALSE,"RALPH R. SCOTT, JR.",DEMOCRAT,FALSE,TOTAL,155383,406695,FALSE,20250910,FALSE
2024,NORTH CAROLINA,NC,37,56,47,US HOUSE,10,GEN,FALSE,FALSE,STEVEN FELDMAN,LIBERTARIAN,FALSE,TOTAL,11614,406695,FALSE,20250910,FALSE
2024,NORTH CAROLINA,NC,37,56,47,US HOUSE,10,GEN,FALSE,FALSE,TODD HELM,CONSTITUTION,FALSE,TOTAL,5884,406695,FALSE,20250910,FALSE
2024,NORTH CAROLINA,NC,37,56,47,US HOUSE,11,GEN,FALSE,FALSE,CALEB RUDOW,DEMOCRAT,FALSE,TOTAL,186977,432523,FALSE,20250910,FALSE
2024,NORTH CAROLINA,NC,37,56,47,US HOUSE,11,GEN,FALSE,FALSE,CHUCK EDWARDS,REPUBLICAN,FALSE,TOTAL,245546,432523,FALSE,20250910,FALSE
2024,NORTH CAROLINA,NC,37,56,47,US HOUSE,12,GEN,FALSE,FALSE,ADDUL ALI,REPUBLICAN,FALSE,TOTAL,91128,350755,FALSE,20250910,FALSE
2024,NORTH CAROLINA,NC,37,56,47,US HOUSE,12,GEN,FALSE,FALSE,ALMA S. ADAMS,DEMOCRAT,FALSE,TOTAL,259627,350755,FALSE,20250910,FALSE
2024,NORTH CAROLINA,NC,37,56,47,US HOUSE,13,GEN,FALSE,FALSE,BRAD KNOTT,REPUBLICAN,FALSE,TOTAL,243655,415490,FALSE,20250910,FALSE
2024,NORTH CAROLINA,NC,37,56,47,US HOUSE,13,GEN,FALSE,FALSE,FRANK PIERCE,DEMOCRAT,FALSE,TOTAL,171835,415490,FALSE,20250910,FALSE
2024,NORTH CAROLINA,NC,37,56,47,US HOUSE,14,GEN,FALSE,FALSE,PAM GENANT,DEMOCRAT,FALSE,TOTAL,168269,401256,FALSE,20250910,FALSE
2024,NORTH CAROLINA,NC,37,56,47,US HOUSE,14,GEN,FALSE,FALSE,TIM MOORE,REPUBLICAN,FALSE,TOTAL,232987,401256,FALSE,20250910,FALSE
2024,NORTH DAKOTA,ND,38,44,36,US HOUSE,0,GEN,FALSE,FALSE,JULIE FEDORCHAK,REPUBLICAN,FALSE,TOTAL,249101,359787,FALSE,20250910,FALSE
2024,NORTH DAKOTA,ND,38,44,36,US HOUSE,0,GEN,FALSE,FALSE,TRYGVE HAMMER,DEMOCRATIC-NONPARTISAN LEAGUE,FALSE,TOTAL,109231,359787,FALSE,20250910,FALSE
2024,NORTH DAKOTA,ND,38,44,36,US HOUSE,0,GEN,FALSE,FALSE,WRITEIN,NA,TRUE,TOTAL,1455,359787,FALSE,20250910,FALSE
2024,OHIO,OH,39,31,24,US HOUSE,1,GEN,FALSE,FALSE,GREG LANDSMAN,DEMOCRAT,FALSE,TOTAL,213916,391909,FALSE,20250910,FALSE
2024,OHIO,OH,39,31,24,US HOUSE,1,GEN,FALSE,FALSE,ORLANDO SONZA,REPUBLICAN,FALSE,TOTAL,177993,391909,FALSE,20250910,FALSE
2024,OHIO,OH,39,31,24,US HOUSE,2,GEN,FALSE,FALSE,ALEXANDER DAVID SCHRANK,NA,TRUE,TOTAL,4,364616,FALSE,20250910,FALSE
2024,OHIO,OH,39,31,24,US HOUSE,2,GEN,FALSE,FALSE,DAVID J. TAYLOR,REPUBLICAN,FALSE,TOTAL,268211,364616,FALSE,20250910,FALSE
2024,OHIO,OH,39,31,24,US HOUSE,2,GEN,FALSE,FALSE,SAMANTHA MEADOWS,DEMOCRAT,FALSE,TOTAL,96401,364616,FALSE,20250910,FALSE
2024,OHIO,OH,39,31,24,US HOUSE,3,GEN,FALSE,FALSE,JOYCE BEATTY,DEMOCRAT,FALSE,TOTAL,242632,342987,FALSE,20250910,FALSE
2024,OHIO,OH,39,31,24,US HOUSE,3,GEN,FALSE,FALSE,MICHAEL YOUNG,REPUBLICAN,FALSE,TOTAL,100355,342987,FALSE,20250910,FALSE
2024,OHIO,OH,39,31,24,US HOUSE,4,GEN,FALSE,FALSE,JIM JORDAN,REPUBLICAN,FALSE,TOTAL,273297,399202,FALSE,20250910,FALSE
2024,OHIO,OH,39,31,24,US HOUSE,4,GEN,FALSE,FALSE,TAMIE WILSON,DEMOCRAT,FALSE,TOTAL,125905,399202,FALSE,20250910,FALSE
2024,OHIO,OH,39,31,24,US HOUSE,5,GEN,FALSE,FALSE,KEITH MUNDY,DEMOCRAT,FALSE,TOTAL,123024,378657,FALSE,20250910,FALSE
2024,OHIO,OH,39,31,24,US HOUSE,5,GEN,FALSE,FALSE,ROBERT E. LATTA,REPUBLICAN,FALSE,TOTAL,255633,378657,FALSE,20250910,FALSE
2024,OHIO,OH,39,31,24,US HOUSE,6,GEN,FALSE,FALSE,MICHAEL A. RULLI,REPUBLICAN,FALSE,TOTAL,245860,368375,FALSE,20250910,FALSE
2024,OHIO,OH,39,31,24,US HOUSE,6,GEN,FALSE,FALSE,MICHAEL L. KRIPCHAK,DEMOCRAT,FALSE,TOTAL,122515,368375,FALSE,20250910,FALSE
2024,OHIO,OH,39,31,24,US HOUSE,7,GEN,FALSE,FALSE,DENNIS KUCINICH,INDEPENDENT,FALSE,TOTAL,51264,400371,FALSE,20250910,FALSE
2024,OHIO,OH,39,31,24,US HOUSE,7,GEN,FALSE,FALSE,MATT DIEMER,DEMOCRAT,FALSE,TOTAL,144613,400371,FALSE,20250910,FALSE
2024,OHIO,OH,39,31,24,US HOUSE,7,GEN,FALSE,FALSE,MAX L. MILLER,REPUBLICAN,FALSE,TOTAL,204494,400371,FALSE,20250910,FALSE
2024,OHIO,OH,39,31,24,US HOUSE,8,GEN,FALSE,FALSE,VANESSA ENOCH,DEMOCRAT,FALSE,TOTAL,140625,378128,FALSE,20250910,FALSE
2024,OHIO,OH,39,31,24,US HOUSE,8,GEN,FALSE,FALSE,WARREN DAVIDSON,REPUBLICAN,FALSE,TOTAL,237503,378128,FALSE,20250910,FALSE
2024,OHIO,OH,39,31,24,US HOUSE,9,GEN,FALSE,FALSE,DEREK MERRIN,REPUBLICAN,FALSE,TOTAL,178716,375195,FALSE,20250910,FALSE
2024,OHIO,OH,39,31,24,US HOUSE,9,GEN,FALSE,FALSE,MARCY KAPTUR,DEMOCRAT,FALSE,TOTAL,181098,375195,FALSE,20250910,FALSE
2024,OHIO,OH,39,31,24,US HOUSE,9,GEN,FALSE,FALSE,TOM PRUSS,LIBERTARIAN,FALSE,TOTAL,15381,375195,FALSE,20250910,FALSE
2024,OHIO,OH,39,31,24,US HOUSE,10,GEN,FALSE,FALSE,AMY COX,DEMOCRAT,FALSE,TOTAL,145420,370746,FALSE,20250910,FALSE
2024,OHIO,OH,39,31,24,US HOUSE,10,GEN,FALSE,FALSE,MICHAEL HARBAUGH,INDEPENDENT,FALSE,TOTAL,11631,370746,FALSE,20250910,FALSE
2024,OHIO,OH,39,31,24,US HOUSE,10,GEN,FALSE,FALSE,MICHAEL R. TURNER,REPUBLICAN,FALSE,TOTAL,213695,370746,FALSE,20250910,FALSE
2024,OHIO,OH,39,31,24,US HOUSE,11,GEN,FALSE,FALSE,ALAN RAPOPORT,REPUBLICAN,FALSE,TOTAL,59394,302413,FALSE,20250910,FALSE
2024,OHIO,OH,39,31,24,US HOUSE,11,GEN,FALSE,FALSE,CHRISTOPHER ZELONISH,NA,TRUE,TOTAL,2,302413,FALSE,20250910,FALSE
2024,OHIO,OH,39,31,24,US HOUSE,11,GEN,FALSE,FALSE,SEAN FREEMAN,INDEPENDENT,FALSE,TOTAL,6107,302413,FALSE,20250910,FALSE
2024,OHIO,OH,39,31,24,US HOUSE,11,GEN,FALSE,FALSE,SHONTEL M. BROWN,DEMOCRAT,FALSE,TOTAL,236883,302413,FALSE,20250910,FALSE
2024,OHIO,OH,39,31,24,US HOUSE,11,GEN,FALSE,FALSE,TRACY DEFORDE,NA,TRUE,TOTAL,27,302413,FALSE,20250910,FALSE
2024,OHIO,OH,39,31,24,US HOUSE,12,GEN,FALSE,FALSE,JERRAD CHRISTIAN,DEMOCRAT,FALSE,TOTAL,119738,380188,FALSE,20250910,FALSE
2024,OHIO,OH,39,31,24,US HOUSE,12,GEN,FALSE,FALSE,TROY BALDERSON,REPUBLICAN,FALSE,TOTAL,260450,380188,FALSE,20250910,FALSE
2024,OHIO,OH,39,31,24,US HOUSE,13,GEN,FALSE,FALSE,EMILIA STRONG SYKES,DEMOCRAT,FALSE,TOTAL,197466,386390,FALSE,20250910,FALSE
2024,OHIO,OH,39,31,24,US HOUSE,13,GEN,FALSE,FALSE,KEVIN COUGHLIN,REPUBLICAN,FALSE,TOTAL,188924,386390,FALSE,20250910,FALSE
2024,OHIO,OH,39,31,24,US HOUSE,14,GEN,FALSE,FALSE,BRIAN BOB KENDERES,DEMOCRAT,FALSE,TOTAL,140431,383858,FALSE,20250910,FALSE
2024,OHIO,OH,39,31,24,US HOUSE,14,GEN,FALSE,FALSE,DAVID P. JOYCE,REPUBLICAN,FALSE,TOTAL,243427,383858,FALSE,20250910,FALSE
2024,OHIO,OH,39,31,24,US HOUSE,15,GEN,FALSE,FALSE,ADAM MILLER,DEMOCRAT,FALSE,TOTAL,151411,347749,FALSE,20250910,FALSE
2024,OHIO,OH,39,31,24,US HOUSE,15,GEN,FALSE,FALSE,MIKE CAREY,REPUBLICAN,FALSE,TOTAL,196338,347749,FALSE,20250910,FALSE
2024,OKLAHOMA,OK,40,73,53,US HOUSE,1,GEN,FALSE,FALSE,DENNIS BAKER,DEMOCRAT,FALSE,TOTAL,107903,312501,FALSE,20250910,FALSE
2024,OKLAHOMA,OK,40,73,53,US HOUSE,1,GEN,FALSE,FALSE,KEVIN HERN,REPUBLICAN,FALSE,TOTAL,188832,312501,FALSE,20250910,FALSE
2024,OKLAHOMA,OK,40,73,53,US HOUSE,1,GEN,FALSE,FALSE,MARK DAVID GARCIA SANDERS,INDEPENDENT,FALSE,TOTAL,15766,312501,FALSE,20250910,FALSE
2024,OKLAHOMA,OK,40,73,53,US HOUSE,2,GEN,FALSE,FALSE,BRANDON WADE,DEMOCRAT,FALSE,TOTAL,68841,321025,FALSE,20250910,FALSE
2024,OKLAHOMA,OK,40,73,53,US HOUSE,2,GEN,FALSE,FALSE,JOSH BRECHEEN,REPUBLICAN,FALSE,TOTAL,238123,321025,FALSE,20250910,FALSE
2024,OKLAHOMA,OK,40,73,53,US HOUSE,2,GEN,FALSE,FALSE,RONNIE HOPKINS,INDEPENDENT,FALSE,TOTAL,14061,321025,FALSE,20250910,FALSE
2024,OKLAHOMA,OK,40,73,53,US HOUSE,3,GEN,FALSE,FALSE,FRANK D. LUCAS,REPUBLICAN,FALSE,TOTAL,1,-1,FALSE,20250910,FALSE
2024,OKLAHOMA,OK,40,73,53,US HOUSE,4,GEN,FALSE,FALSE,JAMES STACY,INDEPENDENT,FALSE,TOTAL,19870,306473,FALSE,20250910,FALSE
2024,OKLAHOMA,OK,40,73,53,US HOUSE,4,GEN,FALSE,FALSE,MARY BRANNON,DEMOCRAT,FALSE,TOTAL,86641,306473,FALSE,20250910,FALSE
2024,OKLAHOMA,OK,40,73,53,US HOUSE,4,GEN,FALSE,FALSE,TOM COLE,REPUBLICAN,FALSE,TOTAL,199962,306473,FALSE,20250910,FALSE
2024,OKLAHOMA,OK,40,73,53,US HOUSE,5,GEN,FALSE,FALSE,MADISON HORN,DEMOCRAT,FALSE,TOTAL,134471,342107,FALSE,20250910,FALSE
2024,OKLAHOMA,OK,40,73,53,US HOUSE,5,GEN,FALSE,FALSE,STEPHANIE I. BICE,REPUBLICAN,FALSE,TOTAL,207636,342107,FALSE,20250910,FALSE
2024,OREGON,OR,41,92,72,US HOUSE,1,GEN,FALSE,FALSE,BOB TODD,REPUBLICAN,FALSE,TOTAL,98908,351991,FALSE,20250910,FALSE
2024,OREGON,OR,41,92,72,US HOUSE,1,GEN,FALSE,FALSE,JOE CHRISTMAN,LIBERTARIAN,FALSE,TOTAL,10840,351991,FALSE,20250910,FALSE
2024,OREGON,OR,41,92,72,US HOUSE,1,GEN,FALSE,FALSE,MISCELLANEOUS,NA,FALSE,TOTAL,687,351991,FALSE,20250910,FALSE
2024,OREGON,OR,41,92,72,US HOUSE,1,GEN,FALSE,FALSE,SUZANNE BONAMICI,DEMOCRAT,FALSE,TOTAL,241556,351991,FALSE,20250910,FALSE
2024,OREGON,OR,41,92,72,US HOUSE,2,GEN,FALSE,FALSE,CLIFF BENTZ,REPUBLICAN,FALSE,TOTAL,224601,351489,FALSE,20250910,FALSE
2024,OREGON,OR,41,92,72,US HOUSE,2,GEN,FALSE,FALSE,DAN RUBY,DEMOCRAT,FALSE,TOTAL,115337,351489,FALSE,20250910,FALSE
2024,OREGON,OR,41,92,72,US HOUSE,2,GEN,FALSE,FALSE,MICHAEL KURT STETTLER,CONSTITUTION,FALSE,TOTAL,11255,351489,FALSE,20250910,FALSE
2024,OREGON,OR,41,92,72,US HOUSE,2,GEN,FALSE,FALSE,MISCELLANEOUS,NA,FALSE,TOTAL,296,351489,FALSE,20250910,FALSE
2024,OREGON,OR,41,92,72,US HOUSE,3,GEN,FALSE,FALSE,DAVID K. FROSCH,CONSTITUTION,FALSE,TOTAL,2459,334369,FALSE,20250910,FALSE
2024,OREGON,OR,41,92,72,US HOUSE,3,GEN,FALSE,FALSE,DAVID W. WALKER,"PROGRESSIVE, INDEPENDENT",FALSE,TOTAL,10245,334369,FALSE,20250910,FALSE
2024,OREGON,OR,41,92,72,US HOUSE,3,GEN,FALSE,FALSE,JOANNA HARBOUR,REPUBLICAN,FALSE,TOTAL,84344,334369,FALSE,20250910,FALSE
2024,OREGON,OR,41,92,72,US HOUSE,3,GEN,FALSE,FALSE,JOE MEYER,PACIFIC GREEN,FALSE,TOTAL,10106,334369,FALSE,20250910,FALSE
2024,OREGON,OR,41,92,72,US HOUSE,3,GEN,FALSE,FALSE,MAXINE E. DEXTER,DEMOCRAT,FALSE,TOTAL,226405,334369,FALSE,20250910,FALSE
2024,OREGON,OR,41,92,72,US HOUSE,3,GEN,FALSE,FALSE,MISCELLANEOUS,NA,FALSE,TOTAL,810,334369,FALSE,20250910,FALSE
2024,OREGON,OR,41,92,72,US HOUSE,4,GEN,FALSE,FALSE,DAN BAHLEN,LIBERTARIAN,FALSE,TOTAL,5704,378765,FALSE,20250910,FALSE
2024,OREGON,OR,41,92,72,US HOUSE,4,GEN,FALSE,FALSE,JUSTIN FILIP,PACIFIC GREEN,FALSE,TOTAL,10315,378765,FALSE,20250910,FALSE
2024,OREGON,OR,41,92,72,US HOUSE,4,GEN,FALSE,FALSE,MISCELLANEOUS,NA,FALSE,TOTAL,454,378765,FALSE,20250910,FALSE
2024,OREGON,OR,41,92,72,US HOUSE,4,GEN,FALSE,FALSE,MONIQUE DESPAIN,REPUBLICAN,FALSE,TOTAL,166430,378765,FALSE,20250910,FALSE
2024,OREGON,OR,41,92,72,US HOUSE,4,GEN,FALSE,FALSE,VAL T. HOYLE,DEMOCRAT,FALSE,TOTAL,195862,378765,FALSE,20250910,FALSE
2024,OREGON,OR,41,92,72,US HOUSE,5,GEN,FALSE,FALSE,ANDREA THORN TOWNSEND,PACIFIC GREEN,FALSE,TOTAL,4155,401293,FALSE,20250910,FALSE
2024,OREGON,OR,41,92,72,US HOUSE,5,GEN,FALSE,FALSE,BRETT SMITH,INDEPENDENT,FALSE,TOTAL,18665,401293,FALSE,20250910,FALSE
2024,OREGON,OR,41,92,72,US HOUSE,5,GEN,FALSE,FALSE,JANELLE S. BYNUM,DEMOCRAT,FALSE,TOTAL,191365,401293,FALSE,20250910,FALSE
2024,OREGON,OR,41,92,72,US HOUSE,5,GEN,FALSE,FALSE,LORI CHAVEZ-DEREMER,REPUBLICAN,FALSE,TOTAL,180420,401293,FALSE,20250910,FALSE
2024,OREGON,OR,41,92,72,US HOUSE,5,GEN,FALSE,FALSE,MISCELLANEOUS,NA,FALSE,TOTAL,495,401293,FALSE,20250910,FALSE
2024,OREGON,OR,41,92,72,US HOUSE,5,GEN,FALSE,FALSE,SONJA FEINTECH,LIBERTARIAN,FALSE,TOTAL,6193,401293,FALSE,20250910,FALSE
2024,OREGON,OR,41,92,72,US HOUSE,6,GEN,FALSE,FALSE,ANDREA SALINAS,DEMOCRAT,FALSE,TOTAL,180869,339065,FALSE,20250910,FALSE
2024,OREGON,OR,41,92,72,US HOUSE,6,GEN,FALSE,FALSE,MIKE ERICKSON,REPUBLICAN,FALSE,TOTAL,157634,339065,FALSE,20250910,FALSE
2024,OREGON,OR,41,92,72,US HOUSE,6,GEN,FALSE,FALSE,MISCELLANEOUS,NA,FALSE,TOTAL,562,339065,FALSE,20250910,FALSE
2024,PENNSYLVANIA,PA,42,23,14,US HOUSE,1,GEN,FALSE,FALSE,ASHLEY EHASZ,DEMOCRAT,FALSE,TOTAL,202042,463432,FALSE,20250910,FALSE
2024,PENNSYLVANIA,PA,42,23,14,US HOUSE,1,GEN,FALSE,FALSE,BRIAN K. FITZPATRICK,REPUBLICAN,FALSE,TOTAL,261390,463432,FALSE,20250910,FALSE
2024,PENNSYLVANIA,PA,42,23,14,US HOUSE,2,GEN,FALSE,FALSE,AARON BASHIR,REPUBLICAN,FALSE,TOTAL,77355,271046,FALSE,20250910,FALSE
2024,PENNSYLVANIA,PA,42,23,14,US HOUSE,2,GEN,FALSE,FALSE,BRENDAN F. BOYLE,DEMOCRAT,FALSE,TOTAL,193691,271046,FALSE,20250910,FALSE
2024,PENNSYLVANIA,PA,42,23,14,US HOUSE,3,GEN,FALSE,FALSE,DWIGHT EVANS,DEMOCRAT,FALSE,TOTAL,340223,340223,FALSE,20250910,FALSE
2024,PENNSYLVANIA,PA,42,23,14,US HOUSE,4,GEN,FALSE,FALSE,DAVID WINKLER,REPUBLICAN,FALSE,TOTAL,186457,455523,FALSE,20250910,FALSE
2024,PENNSYLVANIA,PA,42,23,14,US HOUSE,4,GEN,FALSE,FALSE,MADELEINE DEAN,DEMOCRAT,FALSE,TOTAL,269066,455523,FALSE,20250910,FALSE
2024,PENNSYLVANIA,PA,42,23,14,US HOUSE,5,GEN,FALSE,FALSE,ALFEIA GOODWIN,REPUBLICAN,FALSE,TOTAL,142355,410109,FALSE,20250910,FALSE
2024,PENNSYLVANIA,PA,42,23,14,US HOUSE,5,GEN,FALSE,FALSE,MARY GAY SCANLON,DEMOCRAT,FALSE,TOTAL,267754,410109,FALSE,20250910,FALSE
2024,PENNSYLVANIA,PA,42,23,14,US HOUSE,6,GEN,FALSE,FALSE,CHRISSY HOULAHAN,DEMOCRAT,FALSE,TOTAL,235625,419263,FALSE,20250910,FALSE
2024,PENNSYLVANIA,PA,42,23,14,US HOUSE,6,GEN,FALSE,FALSE,NEIL YOUNG,REPUBLICAN,FALSE,TOTAL,183638,419263,FALSE,20250910,FALSE
2024,PENNSYLVANIA,PA,42,23,14,US HOUSE,7,GEN,FALSE,FALSE,RYAN E. MACKENZIE,REPUBLICAN,FALSE,TOTAL,203688,403314,FALSE,20250910,FALSE
2024,PENNSYLVANIA,PA,42,23,14,US HOUSE,7,GEN,FALSE,FALSE,SUSAN WILD,DEMOCRAT,FALSE,TOTAL,199626,403314,FALSE,20250910,FALSE
2024,PENNSYLVANIA,PA,42,23,14,US HOUSE,8,GEN,FALSE,FALSE,MATT CARTWRIGHT,DEMOCRAT,FALSE,TOTAL,189411,385074,FALSE,20250910,FALSE
2024,PENNSYLVANIA,PA,42,23,14,US HOUSE,8,GEN,FALSE,FALSE,"ROB BRESNAHAN, JR.",REPUBLICAN,FALSE,TOTAL,195663,385074,FALSE,20250910,FALSE
2024,PENNSYLVANIA,PA,42,23,14,US HOUSE,9,GEN,FALSE,FALSE,AMANDA WALDMAN,DEMOCRAT,FALSE,TOTAL,115523,391735,FALSE,20250910,FALSE
2024,PENNSYLVANIA,PA,42,23,14,US HOUSE,9,GEN,FALSE,FALSE,DANIEL MEUSER,REPUBLICAN,FALSE,TOTAL,276212,391735,FALSE,20250910,FALSE
2024,PENNSYLVANIA,PA,42,23,14,US HOUSE,10,GEN,FALSE,FALSE,JANELLE STELSON,DEMOCRAT,FALSE,TOTAL,200434,406001,FALSE,20250910,FALSE
2024,PENNSYLVANIA,PA,42,23,14,US HOUSE,10,GEN,FALSE,FALSE,SCOTT PERRY,REPUBLICAN,FALSE,TOTAL,205567,406001,FALSE,20250910,FALSE
2024,PENNSYLVANIA,PA,42,23,14,US HOUSE,11,GEN,FALSE,FALSE,JIM ATKINSON,DEMOCRAT,FALSE,TOTAL,149641,403313,FALSE,20250910,FALSE
2024,PENNSYLVANIA,PA,42,23,14,US HOUSE,11,GEN,FALSE,FALSE,LLOYD SMUCKER,REPUBLICAN,FALSE,TOTAL,253672,403313,FALSE,20250910,FALSE
2024,PENNSYLVANIA,PA,42,23,14,US HOUSE,12,GEN,FALSE,FALSE,JAMES HAYES,REPUBLICAN,FALSE,TOTAL,181426,416228,FALSE,20250910,FALSE
2024,PENNSYLVANIA,PA,42,23,14,US HOUSE,12,GEN,FALSE,FALSE,SUMMER L. LEE,DEMOCRAT,FALSE,TOTAL,234802,416228,FALSE,20250910,FALSE
2024,PENNSYLVANIA,PA,42,23,14,US HOUSE,13,GEN,FALSE,FALSE,BETH FARNHAM,DEMOCRAT,FALSE,TOTAL,104823,406283,FALSE,20250910,FALSE
2024,PENNSYLVANIA,PA,42,23,14,US HOUSE,13,GEN,FALSE,FALSE,JOHN JOYCE,REPUBLICAN,FALSE,TOTAL,301460,406283,FALSE,20250910,FALSE
2024,PENNSYLVANIA,PA,42,23,14,US HOUSE,14,GEN,FALSE,FALSE,CHRIS DZIADOS,DEMOCRAT,FALSE,TOTAL,134755,403135,FALSE,20250910,FALSE
2024,PENNSYLVANIA,PA,42,23,14,US HOUSE,14,GEN,FALSE,FALSE,GUY RESCHENTHALER,REPUBLICAN,FALSE,TOTAL,268380,403135,FALSE,20250910,FALSE
2024,PENNSYLVANIA,PA,42,23,14,US HOUSE,15,GEN,FALSE,FALSE,GLENN THOMPSON,REPUBLICAN,FALSE,TOTAL,279027,390435,FALSE,20250910,FALSE
2024,PENNSYLVANIA,PA,42,23,14,US HOUSE,15,GEN,FALSE,FALSE,ZACH WOMER,DEMOCRAT,FALSE,TOTAL,111408,390435,FALSE,20250910,FALSE
2024,PENNSYLVANIA,PA,42,23,14,US HOUSE,16,GEN,FALSE,FALSE,MIKE KELLY,REPUBLICAN,FALSE,TOTAL,256923,403632,FALSE,20250910,FALSE
2024,PENNSYLVANIA,PA,42,23,14,US HOUSE,16,GEN,FALSE,FALSE,PRESTON NOURI,DEMOCRAT,FALSE,TOTAL,146709,403632,FALSE,20250910,FALSE
2024,PENNSYLVANIA,PA,42,23,14,US HOUSE,17,GEN,FALSE,FALSE,CHRISTOPHER R. DELUZIO,DEMOCRAT,FALSE,TOTAL,242838,450738,FALSE,20250910,FALSE
2024,PENNSYLVANIA,PA,42,23,14,US HOUSE,17,GEN,FALSE,FALSE,ROB MERCURI,REPUBLICAN,FALSE,TOTAL,207900,450738,FALSE,20250910,FALSE
2024,RHODE ISLAND,RI,44,15,5,US HOUSE,1,GEN,FALSE,FALSE,ALLEN RODNEY WATERS,REPUBLICAN,FALSE,TOTAL,70742,221118,FALSE,20250910,FALSE
2024,RHODE ISLAND,RI,44,15,5,US HOUSE,1,GEN,FALSE,FALSE,C. D. REYNOLDS,INDEPENDENT,FALSE,TOTAL,10463,221118,FALSE,20250910,FALSE
2024,RHODE ISLAND,RI,44,15,5,US HOUSE,1,GEN,FALSE,FALSE,GABE AMO,DEMOCRAT,FALSE,TOTAL,139352,221118,FALSE,20250910,FALSE
2024,RHODE ISLAND,RI,44,15,5,US HOUSE,1,GEN,FALSE,FALSE,WRITEIN,NA,TRUE,TOTAL,561,221118,FALSE,20250910,FALSE
2024,RHODE ISLAND,RI,44,15,5,US HOUSE,2,GEN,FALSE,FALSE,SETH MAGAZINER,DEMOCRAT,FALSE,TOTAL,153439,263480,FALSE,20250910,FALSE
2024,RHODE ISLAND,RI,44,15,5,US HOUSE,2,GEN,FALSE,FALSE,STEPHEN JOSEPH CORVI,REPUBLICAN,FALSE,TOTAL,109381,263480,FALSE,20250910,FALSE
2024,RHODE ISLAND,RI,44,15,5,US HOUSE,2,GEN,FALSE,FALSE,WRITEIN,NA,TRUE,TOTAL,660,263480,FALSE,20250910,FALSE
2024,SOUTH CAROLINA,SC,45,57,48,US HOUSE,1,GEN,FALSE,FALSE,MICHAEL B. MOORE,DEMOCRAT,FALSE,TOTAL,162582,390777,FALSE,20250910,FALSE
2024,SOUTH CAROLINA,SC,45,57,48,US HOUSE,1,GEN,FALSE,FALSE,NANCY MACE,REPUBLICAN,FALSE,TOTAL,227502,390777,FALSE,20250910,FALSE
2024,SOUTH CAROLINA,SC,45,57,48,US HOUSE,1,GEN,FALSE,FALSE,WRITEIN,NA,TRUE,TOTAL,693,390777,FALSE,20250910,FALSE
2024,SOUTH CAROLINA,SC,45,57,48,US HOUSE,2,GEN,FALSE,FALSE,DAVID ROBINSON II,DEMOCRAT,FALSE,TOTAL,142985,355285,FALSE,20250910,FALSE
2024,SOUTH CAROLINA,SC,45,57,48,US HOUSE,2,GEN,FALSE,FALSE,JOE WILSON,REPUBLICAN,FALSE,TOTAL,211514,355285,FALSE,20250910,FALSE
2024,SOUTH CAROLINA,SC,45,57,48,US HOUSE,2,GEN,FALSE,FALSE,WRITEIN,NA,TRUE,TOTAL,786,355285,FALSE,20250910,FALSE
2024,SOUTH CAROLINA,SC,45,57,48,US HOUSE,3,GEN,FALSE,FALSE,BRYON L. BEST,DEMOCRAT,FALSE,TOTAL,87735,346713,FALSE,20250910,FALSE
2024,SOUTH CAROLINA,SC,45,57,48,US HOUSE,3,GEN,FALSE,FALSE,MIKE BEDENBAUGH,ALLIANCE,FALSE,TOTAL,9918,346713,FALSE,20250910,FALSE
2024,SOUTH CAROLINA,SC,45,57,48,US HOUSE,3,GEN,FALSE,FALSE,SHERI BIGGS,REPUBLICAN,FALSE,TOTAL,248451,346713,FALSE,20250910,FALSE
2024,SOUTH CAROLINA,SC,45,57,48,US HOUSE,3,GEN,FALSE,FALSE,WRITEIN,NA,TRUE,TOTAL,609,346713,FALSE,20250910,FALSE
2024,SOUTH CAROLINA,SC,45,57,48,US HOUSE,4,GEN,FALSE,FALSE,KATHRYN HARVEY,DEMOCRAT,FALSE,TOTAL,128976,346414,FALSE,20250910,FALSE
2024,SOUTH CAROLINA,SC,45,57,48,US HOUSE,4,GEN,FALSE,FALSE,MARK HACKETT,CONSTITUTION,FALSE,TOTAL,9779,346414,FALSE,20250910,FALSE
2024,SOUTH CAROLINA,SC,45,57,48,US HOUSE,4,GEN,FALSE,FALSE,WILLIAM R. TIMMONS IV,REPUBLICAN,FALSE,TOTAL,206916,346414,FALSE,20250910,FALSE
2024,SOUTH CAROLINA,SC,45,57,48,US HOUSE,4,GEN,FALSE,FALSE,WRITEIN,NA,TRUE,TOTAL,743,346414,FALSE,20250910,FALSE
2024,SOUTH CAROLINA,SC,45,57,48,US HOUSE,5,GEN,FALSE,FALSE,EVANGELINE HUNDLEY,DEMOCRAT,FALSE,TOTAL,130592,359409,FALSE,20250910,FALSE
2024,SOUTH CAROLINA,SC,45,57,48,US HOUSE,5,GEN,FALSE,FALSE,RALPH NORMAN,REPUBLICAN,FALSE,TOTAL,228260,359409,FALSE,20250910,FALSE
2024,SOUTH CAROLINA,SC,45,57,48,US HOUSE,5,GEN,FALSE,FALSE,WRITEIN,NA,TRUE,TOTAL,557,359409,FALSE,20250910,FALSE
2024,SOUTH CAROLINA,SC,45,57,48,US HOUSE,6,GEN,FALSE,FALSE,DUKE BUCKNER,REPUBLICAN,FALSE,TOTAL,112360,305977,FALSE,20250910,FALSE
2024,SOUTH CAROLINA,SC,45,57,48,US HOUSE,6,GEN,FALSE,FALSE,GREGG MARCEL DIXON,UNITED CITIZENS,FALSE,TOTAL,4927,305977,FALSE,20250910,FALSE
2024,SOUTH CAROLINA,SC,45,57,48,US HOUSE,6,GEN,FALSE,FALSE,JAMES E. CLYBURN,DEMOCRAT,FALSE,TOTAL,182056,305977,FALSE,20250910,FALSE
2024,SOUTH CAROLINA,SC,45,57,48,US HOUSE,6,GEN,FALSE,FALSE,JOSEPH ODDO,ALLIANCE,FALSE,TOTAL,1056,305977,FALSE,20250910,FALSE
2024,SOUTH CAROLINA,SC,45,57,48,US HOUSE,6,GEN,FALSE,FALSE,MICHAEL SIMPSON,LIBERTARIAN,FALSE,TOTAL,5279,305977,FALSE,20250910,FALSE
2024,SOUTH CAROLINA,SC,45,57,48,US HOUSE,6,GEN,FALSE,FALSE,WRITEIN,NA,TRUE,TOTAL,299,305977,FALSE,20250910,FALSE
2024,SOUTH CAROLINA,SC,45,57,48,US HOUSE,7,GEN,FALSE,FALSE,MAL HYMAN,DEMOCRAT,FALSE,TOTAL,129522,370329,FALSE,20250910,FALSE
2024,SOUTH CAROLINA,SC,45,57,48,US HOUSE,7,GEN,FALSE,FALSE,RUSSELL FRY,REPUBLICAN,FALSE,TOTAL,240326,370329,FALSE,20250910,FALSE
2024,SOUTH CAROLINA,SC,45,57,48,US HOUSE,7,GEN,FALSE,FALSE,WRITEIN,NA,TRUE,TOTAL,481,370329,FALSE,20250910,FALSE
2024,SOUTH DAKOTA,SD,46,45,37,US HOUSE,0,GEN,FALSE,FALSE,DUSTY JOHNSON,REPUBLICAN,FALSE,TOTAL,303630,421448,FALSE,20250910,FALSE
2024,SOUTH DAKOTA,SD,46,45,37,US HOUSE,0,GEN,FALSE,FALSE,SHERYL JOHNSON,DEMOCRAT,FALSE,TOTAL,117818,421448,FALSE,20250910,FALSE
2024,TENNESSEE,TN,47,62,54,US HOUSE,1,GEN,FALSE,FALSE,DIANA HARSHBARGER,REPUBLICAN,FALSE,TOTAL,257825,330199,FALSE,20250910,FALSE
2024,TENNESSEE,TN,47,62,54,US HOUSE,1,GEN,FALSE,FALSE,KEVIN JENKINS,DEMOCRAT,FALSE,TOTAL,64021,330199,FALSE,20250910,FALSE
2024,TENNESSEE,TN,47,62,54,US HOUSE,1,GEN,FALSE,FALSE,LEVI BRAKE,INDEPENDENT,FALSE,TOTAL,2639,330199,FALSE,20250910,FALSE
2024,TENNESSEE,TN,47,62,54,US HOUSE,1,GEN,FALSE,FALSE,RICHARD G. BAKER,INDEPENDENT,FALSE,TOTAL,5714,330199,FALSE,20250910,FALSE
2024,TENNESSEE,TN,47,62,54,US HOUSE,2,GEN,FALSE,FALSE,JANE GEORGE,DEMOCRAT,FALSE,TOTAL,111316,362098,FALSE,20250910,FALSE
2024,TENNESSEE,TN,47,62,54,US HOUSE,2,GEN,FALSE,FALSE,TIM BURCHETT,REPUBLICAN,FALSE,TOTAL,250782,362098,FALSE,20250910,FALSE
2024,TENNESSEE,TN,47,62,54,US HOUSE,3,GEN,FALSE,FALSE,"CHARLES J. \""CHUCK\"" FLEISCHMANN",REPUBLICAN,FALSE,TOTAL,236519,350328,FALSE,20250910,FALSE
2024,TENNESSEE,TN,47,62,54,US HOUSE,3,GEN,FALSE,FALSE,JACK ALLEN,DEMOCRAT,FALSE,TOTAL,102841,350328,FALSE,20250910,FALSE
2024,TENNESSEE,TN,47,62,54,US HOUSE,3,GEN,FALSE,FALSE,JEAN HOWARD-HILL,INDEPENDENT,FALSE,TOTAL,5120,350328,FALSE,20250910,FALSE
2024,TENNESSEE,TN,47,62,54,US HOUSE,3,GEN,FALSE,FALSE,"STEPHEN \""SCOOTER\"" KING",INDEPENDENT,FALSE,TOTAL,5848,350328,FALSE,20250910,FALSE
2024,TENNESSEE,TN,47,62,54,US HOUSE,4,GEN,FALSE,FALSE,EARNEST ENSLEY,INDEPENDENT,FALSE,TOTAL,4689,313255,FALSE,20250910,FALSE
2024,TENNESSEE,TN,47,62,54,US HOUSE,4,GEN,FALSE,FALSE,KEITH NOLAN,INDEPENDENT,FALSE,TOTAL,5601,313255,FALSE,20250910,FALSE
2024,TENNESSEE,TN,47,62,54,US HOUSE,4,GEN,FALSE,FALSE,SCOTT DESJARLAIS,REPUBLICAN,FALSE,TOTAL,219133,313255,FALSE,20250910,FALSE
2024,TENNESSEE,TN,47,62,54,US HOUSE,4,GEN,FALSE,FALSE,VICTORIA ISABEL BRODERICK,DEMOCRAT,FALSE,TOTAL,83832,313255,FALSE,20250910,FALSE
2024,TENNESSEE,TN,47,62,54,US HOUSE,5,GEN,FALSE,FALSE,ANDREW OGLES,REPUBLICAN,FALSE,TOTAL,205075,360714,FALSE,20250910,FALSE
2024,TENNESSEE,TN,47,62,54,US HOUSE,5,GEN,FALSE,FALSE,BOB TITLEY,INDEPENDENT,FALSE,TOTAL,3065,360714,FALSE,20250910,FALSE
2024,TENNESSEE,TN,47,62,54,US HOUSE,5,GEN,FALSE,FALSE,JIM LARKIN,INDEPENDENT,FALSE,TOTAL,7607,360714,FALSE,20250910,FALSE
2024,TENNESSEE,TN,47,62,54,US HOUSE,5,GEN,FALSE,FALSE,MARYAM ABOLFAZLI,DEMOCRAT,FALSE,TOTAL,142387,360714,FALSE,20250910,FALSE
2024,TENNESSEE,TN,47,62,54,US HOUSE,5,GEN,FALSE,FALSE,"YOMI \""FAPAS\"" FAPARUSI",INDEPENDENT,FALSE,TOTAL,2580,360714,FALSE,20250910,FALSE
2024,TENNESSEE,TN,47,62,54,US HOUSE,6,GEN,FALSE,FALSE,JOHN W. ROSE,REPUBLICAN,FALSE,TOTAL,225543,331687,FALSE,20250910,FALSE
2024,TENNESSEE,TN,47,62,54,US HOUSE,6,GEN,FALSE,FALSE,LORE BERGMAN,DEMOCRAT,FALSE,TOTAL,106144,331687,FALSE,20250910,FALSE
2024,TENNESSEE,TN,47,62,54,US HOUSE,7,GEN,FALSE,FALSE,MARK E. GREEN,REPUBLICAN,FALSE,TOTAL,191992,322656,FALSE,20250910,FALSE
2024,TENNESSEE,TN,47,62,54,US HOUSE,7,GEN,FALSE,FALSE,MEGAN BARRY,DEMOCRAT,FALSE,TOTAL,122764,322656,FALSE,20250910,FALSE
2024,TENNESSEE,TN,47,62,54,US HOUSE,7,GEN,FALSE,FALSE,SHAUN GREENE,INDEPENDENT,FALSE,TOTAL,7900,322656,FALSE,20250910,FALSE
2024,TENNESSEE,TN,47,62,54,US HOUSE,8,GEN,FALSE,FALSE,DAVID KUSTOFF,REPUBLICAN,FALSE,TOTAL,240411,332315,FALSE,20250910,FALSE
2024,TENNESSEE,TN,47,62,54,US HOUSE,8,GEN,FALSE,FALSE,JAMES HART,INDEPENDENT,FALSE,TOTAL,6861,332315,FALSE,20250910,FALSE
2024,TENNESSEE,TN,47,62,54,US HOUSE,8,GEN,FALSE,FALSE,SARAH FREEMAN,DEMOCRAT,FALSE,TOTAL,85043,332315,FALSE,20250910,FALSE
2024,TENNESSEE,TN,47,62,54,US HOUSE,9,GEN,FALSE,FALSE,CHARLOTTE BERGMANN,REPUBLICAN,FALSE,TOTAL,57411,223703,FALSE,20250910,FALSE
2024,TENNESSEE,TN,47,62,54,US HOUSE,9,GEN,FALSE,FALSE,DENNIS CLARK,INDEPENDENT,FALSE,TOTAL,3062,223703,FALSE,20250910,FALSE
2024,TENNESSEE,TN,47,62,54,US HOUSE,9,GEN,FALSE,FALSE,STEVE COHEN,DEMOCRAT,FALSE,TOTAL,159522,223703,FALSE,20250910,FALSE
2024,TENNESSEE,TN,47,62,54,US HOUSE,9,GEN,FALSE,FALSE,WENDELL WELLS,INDEPENDENT,FALSE,TOTAL,3708,223703,FALSE,20250910,FALSE
2024,TEXAS,TX,48,74,49,US HOUSE,1,GEN,FALSE,FALSE,NATHANIEL MORAN,REPUBLICAN,FALSE,TOTAL,258523,258523,FALSE,20250910,FALSE
2024,TEXAS,TX,48,74,49,US HOUSE,2,GEN,FALSE,FALSE,DAN CRENSHAW,REPUBLICAN,FALSE,TOTAL,214631,326883,FALSE,20250910,FALSE
2024,TEXAS,TX,48,74,49,US HOUSE,2,GEN,FALSE,FALSE,PETER FILLER,DEMOCRAT,FALSE,TOTAL,112252,326883,FALSE,20250910,FALSE
2024,TEXAS,TX,48,74,49,US HOUSE,3,GEN,FALSE,FALSE,KEITH SELF,REPUBLICAN,FALSE,TOTAL,237794,380747,FALSE,20250910,FALSE
2024,TEXAS,TX,48,74,49,US HOUSE,3,GEN,FALSE,FALSE,SANDEEP SRIVASTAVA,DEMOCRAT,FALSE,TOTAL,142953,380747,FALSE,20250910,FALSE
2024,TEXAS,TX,48,74,49,US HOUSE,4,GEN,FALSE,FALSE,PAT FALLON,REPUBLICAN,FALSE,TOTAL,241603,353299,FALSE,20250910,FALSE
2024,TEXAS,TX,48,74,49,US HOUSE,4,GEN,FALSE,FALSE,SIMON CARDELL,DEMOCRAT,FALSE,TOTAL,111696,353299,FALSE,20250910,FALSE
2024,TEXAS,TX,48,74,49,US HOUSE,5,GEN,FALSE,FALSE,LANCE GOODEN,REPUBLICAN,FALSE,TOTAL,192185,299897,FALSE,20250910,FALSE
2024,TEXAS,TX,48,74,49,US HOUSE,5,GEN,FALSE,FALSE,"RUTH \""TRUTH\"" TORRES",DEMOCRAT,FALSE,TOTAL,107712,299897,FALSE,20250910,FALSE
2024,TEXAS,TX,48,74,49,US HOUSE,6,GEN,FALSE,FALSE,JAKE ELLZEY,REPUBLICAN,FALSE,TOTAL,188119,286438,FALSE,20250910,FALSE
2024,TEXAS,TX,48,74,49,US HOUSE,6,GEN,FALSE,FALSE,JOHN LOVE III,DEMOCRAT,FALSE,TOTAL,98319,286438,FALSE,20250910,FALSE
2024,TEXAS,TX,48,74,49,US HOUSE,7,GEN,FALSE,FALSE,CAROLINE KANE,REPUBLICAN,FALSE,TOTAL,94651,244471,FALSE,20250910,FALSE
2024,TEXAS,TX,48,74,49,US HOUSE,7,GEN,FALSE,FALSE,LIZZIE FLETCHER,DEMOCRAT,FALSE,TOTAL,149820,244471,FALSE,20250910,FALSE
2024,TEXAS,TX,48,74,49,US HOUSE,8,GEN,FALSE,FALSE,LAURA JONES,DEMOCRAT,FALSE,TOTAL,108754,342177,FALSE,20250910,FALSE
2024,TEXAS,TX,48,74,49,US HOUSE,8,GEN,FALSE,FALSE,MORGAN LUTTRELL,REPUBLICAN,FALSE,TOTAL,233423,342177,FALSE,20250910,FALSE
2024,TEXAS,TX,48,74,49,US HOUSE,9,GEN,FALSE,FALSE,AL GREEN,DEMOCRAT,FALSE,TOTAL,184141,184141,FALSE,20250910,FALSE
2024,TEXAS,TX,48,74,49,US HOUSE,10,GEN,FALSE,FALSE,JEFF MILLER,LIBERTARIAN,FALSE,TOTAL,8309,347818,FALSE,20250910,FALSE
2024,TEXAS,TX,48,74,49,US HOUSE,10,GEN,FALSE,FALSE,MICHAEL T. MCCAUL,REPUBLICAN,FALSE,TOTAL,221229,347818,FALSE,20250910,FALSE
2024,TEXAS,TX,48,74,49,US HOUSE,10,GEN,FALSE,FALSE,THERESA BOISSEAU,DEMOCRAT,FALSE,TOTAL,118280,347818,FALSE,20250910,FALSE
2024,TEXAS,TX,48,74,49,US HOUSE,11,GEN,FALSE,FALSE,AUGUST PFLUGER,REPUBLICAN,FALSE,TOTAL,211975,211975,FALSE,20250910,FALSE
2024,TEXAS,TX,48,74,49,US HOUSE,12,GEN,FALSE,FALSE,CRAIG GOLDMAN,REPUBLICAN,FALSE,TOTAL,215564,339718,FALSE,20250910,FALSE
2024,TEXAS,TX,48,74,49,US HOUSE,12,GEN,FALSE,FALSE,TREY J. HUNT,DEMOCRAT,FALSE,TOTAL,124154,339718,FALSE,20250910,FALSE
2024,TEXAS,TX,48,74,49,US HOUSE,13,GEN,FALSE,FALSE,RONNY JACKSON,REPUBLICAN,FALSE,TOTAL,240622,240622,FALSE,20250910,FALSE
2024,TEXAS,TX,48,74,49,US HOUSE,14,GEN,FALSE,FALSE,"RANDY K. WEBER, SR.",REPUBLICAN,FALSE,TOTAL,210320,306195,FALSE,20250910,FALSE
2024,TEXAS,TX,48,74,49,US HOUSE,14,GEN,FALSE,FALSE,RHONDA HART,DEMOCRAT,FALSE,TOTAL,95875,306195,FALSE,20250910,FALSE
2024,TEXAS,TX,48,74,49,US HOUSE,15,GEN,FALSE,FALSE,MICHELLE VALLEJO,DEMOCRAT,FALSE,TOTAL,95965,223769,FALSE,20250910,FALSE
2024,TEXAS,TX,48,74,49,US HOUSE,15,GEN,FALSE,FALSE,MONICA DE LA CRUZ,REPUBLICAN,FALSE,TOTAL,127804,223769,FALSE,20250910,FALSE
2024,TEXAS,TX,48,74,49,US HOUSE,16,GEN,FALSE,FALSE,"D. \""DMB\"" MONTANEZ",NA,TRUE,TOTAL,156,220828,FALSE,20250910,FALSE
2024,TEXAS,TX,48,74,49,US HOUSE,16,GEN,FALSE,FALSE,IRENE ARMENDARIZ JACKSON,REPUBLICAN,FALSE,TOTAL,89281,220828,FALSE,20250910,FALSE
2024,TEXAS,TX,48,74,49,US HOUSE,16,GEN,FALSE,FALSE,VERONICA ESCOBAR,DEMOCRAT,FALSE,TOTAL,131391,220828,FALSE,20250910,FALSE
2024,TEXAS,TX,48,74,49,US HOUSE,17,GEN,FALSE,FALSE,MARK LORENZEN,DEMOCRAT,FALSE,TOTAL,97941,291042,FALSE,20250910,FALSE
2024,TEXAS,TX,48,74,49,US HOUSE,17,GEN,FALSE,FALSE,PETE SESSIONS,REPUBLICAN,FALSE,TOTAL,193101,291042,FALSE,20250910,FALSE
2024,TEXAS,TX,48,74,49,US HOUSE,18,GEN,FALSE,FALSE,KEVIN DURAL,NA,TRUE,TOTAL,14,218720,FALSE,20250910,FALSE
2024,TEXAS,TX,48,74,49,US HOUSE,18,GEN,FALSE,FALSE,LANA CENTONZE,REPUBLICAN,FALSE,TOTAL,66810,218720,FALSE,20250910,FALSE
2024,TEXAS,TX,48,74,49,US HOUSE,18,GEN,FALSE,FALSE,SYLVESTER TURNER,DEMOCRAT,FALSE,TOTAL,151834,218720,FALSE,20250910,FALSE
2024,TEXAS,TX,48,74,49,US HOUSE,18,GEN,FALSE,FALSE,VINCE DUNCAN,NA,TRUE,TOTAL,62,218720,FALSE,20250910,FALSE
2024,TEXAS,TX,48,74,49,US HOUSE,19,GEN,FALSE,FALSE,BERNARD JOHNSON,LIBERTARIAN,FALSE,TOTAL,23964,266375,FALSE,20250910,FALSE
2024,TEXAS,TX,48,74,49,US HOUSE,19,GEN,FALSE,FALSE,JODEY C. ARRINGTON,REPUBLICAN,FALSE,TOTAL,214950,266375,FALSE,20250910,FALSE
2024,TEXAS,TX,48,74,49,US HOUSE,19,GEN,FALSE,FALSE,NATHAN LEWIS,INDEPENDENT,FALSE,TOTAL,27461,266375,FALSE,20250910,FALSE
2024,TEXAS,TX,48,74,49,US HOUSE,20,GEN,FALSE,FALSE,JOAQUIN CASTRO,DEMOCRAT,FALSE,TOTAL,157890,157890,FALSE,20250910,FALSE
2024,TEXAS,TX,48,74,49,US HOUSE,21,GEN,FALSE,FALSE,BOB KING,LIBERTARIAN,FALSE,TOTAL,8914,426423,FALSE,20250910,FALSE
2024,TEXAS,TX,48,74,49,US HOUSE,21,GEN,FALSE,FALSE,CHIP ROY,REPUBLICAN,FALSE,TOTAL,263744,426423,FALSE,20250910,FALSE
2024,TEXAS,TX,48,74,49,US HOUSE,21,GEN,FALSE,FALSE,KRISTIN HOOK,DEMOCRAT,FALSE,TOTAL,153765,426423,FALSE,20250910,FALSE
2024,TEXAS,TX,48,74,49,US HOUSE,22,GEN,FALSE,FALSE,MARQUETTE GREENE-SCOTT,DEMOCRAT,FALSE,TOTAL,127604,336889,FALSE,20250910,FALSE
2024,TEXAS,TX,48,74,49,US HOUSE,22,GEN,FALSE,FALSE,TROY E. NEHLS,REPUBLICAN,FALSE,TOTAL,209285,336889,FALSE,20250910,FALSE
2024,TEXAS,TX,48,74,49,US HOUSE,23,GEN,FALSE,FALSE,S. LIMON,DEMOCRAT,FALSE,TOTAL,109373,290093,FALSE,20250910,FALSE
2024,TEXAS,TX,48,74,49,US HOUSE,23,GEN,FALSE,FALSE,TONY GONZALES,REPUBLICAN,FALSE,TOTAL,180720,290093,FALSE,20250910,FALSE
2024,TEXAS,TX,48,74,49,US HOUSE,24,GEN,FALSE,FALSE,BETH VAN DUYNE,REPUBLICAN,FALSE,TOTAL,227108,376626,FALSE,20250910,FALSE
2024,TEXAS,TX,48,74,49,US HOUSE,24,GEN,FALSE,FALSE,SAM EPPLER,DEMOCRAT,FALSE,TOTAL,149518,376626,FALSE,20250910,FALSE
2024,TEXAS,TX,48,74,49,US HOUSE,25,GEN,FALSE,FALSE,CHAD HAGG,NA,TRUE,TOTAL,1661,264703,FALSE,20250910,FALSE
2024,TEXAS,TX,48,74,49,US HOUSE,25,GEN,FALSE,FALSE,ROGER WILLIAMS,REPUBLICAN,FALSE,TOTAL,263042,264703,FALSE,20250910,FALSE
2024,TEXAS,TX,48,74,49,US HOUSE,26,GEN,FALSE,FALSE,BRANDON GILL,REPUBLICAN,FALSE,TOTAL,241096,388427,FALSE,20250910,FALSE
2024,TEXAS,TX,48,74,49,US HOUSE,26,GEN,FALSE,FALSE,ERNEST R. LINEBERGER III,DEMOCRAT,FALSE,TOTAL,138558,388427,FALSE,20250910,FALSE
2024,TEXAS,TX,48,74,49,US HOUSE,26,GEN,FALSE,FALSE,PHIL GRAY,LIBERTARIAN,FALSE,TOTAL,8773,388427,FALSE,20250910,FALSE
2024,TEXAS,TX,48,74,49,US HOUSE,27,GEN,FALSE,FALSE,MICHAEL CLOUD,REPUBLICAN,FALSE,TOTAL,183980,278576,FALSE,20250910,FALSE
2024,TEXAS,TX,48,74,49,US HOUSE,27,GEN,FALSE,FALSE,TANYA LLOYD,DEMOCRAT,FALSE,TOTAL,94596,278576,FALSE,20250910,FALSE
2024,TEXAS,TX,48,74,49,US HOUSE,28,GEN,FALSE,FALSE,HENRY CUELLAR,DEMOCRAT,FALSE,TOTAL,125280,237298,FALSE,20250910,FALSE
2024,TEXAS,TX,48,74,49,US HOUSE,28,GEN,FALSE,FALSE,JAY FURMAN,REPUBLICAN,FALSE,TOTAL,112018,237298,FALSE,20250910,FALSE
2024,TEXAS,TX,48,74,49,US HOUSE,29,GEN,FALSE,FALSE,ALAN GARZA,REPUBLICAN,FALSE,TOTAL,52830,152209,FALSE,20250910,FALSE
2024,TEXAS,TX,48,74,49,US HOUSE,29,GEN,FALSE,FALSE,SYLVIA R. GARCIA,DEMOCRAT,FALSE,TOTAL,99379,152209,FALSE,20250910,FALSE
2024,TEXAS,TX,48,74,49,US HOUSE,30,GEN,FALSE,FALSE,JASMINE CROCKETT,DEMOCRAT,FALSE,TOTAL,197650,232825,FALSE,20250910,FALSE
2024,TEXAS,TX,48,74,49,US HOUSE,30,GEN,FALSE,FALSE,"JRMAR \""J J\"" JEFFERSON",LIBERTARIAN,FALSE,TOTAL,35175,232825,FALSE,20250910,FALSE
2024,TEXAS,TX,48,74,49,US HOUSE,31,GEN,FALSE,FALSE,JOHN R. CARTER,REPUBLICAN,FALSE,TOTAL,229087,355557,FALSE,20250910,FALSE
2024,TEXAS,TX,48,74,49,US HOUSE,31,GEN,FALSE,FALSE,STUART WHITLOW,DEMOCRAT,FALSE,TOTAL,126470,355557,FALSE,20250910,FALSE
2024,TEXAS,TX,48,74,49,US HOUSE,32,GEN,FALSE,FALSE,DARRELL DAY,REPUBLICAN,FALSE,TOTAL,85941,232464,FALSE,20250910,FALSE
2024,TEXAS,TX,48,74,49,US HOUSE,32,GEN,FALSE,FALSE,JULIE JOHNSON,DEMOCRAT,FALSE,TOTAL,140536,232464,FALSE,20250910,FALSE
2024,TEXAS,TX,48,74,49,US HOUSE,32,GEN,FALSE,FALSE,KEVIN A. HALE,LIBERTARIAN,FALSE,TOTAL,5987,232464,FALSE,20250910,FALSE
2024,TEXAS,TX,48,74,49,US HOUSE,33,GEN,FALSE,FALSE,MARC A. VEASEY,DEMOCRAT,FALSE,TOTAL,114289,166153,FALSE,20250910,FALSE
2024,TEXAS,TX,48,74,49,US HOUSE,33,GEN,FALSE,FALSE,PATRICK DAVID GILLESPIE,REPUBLICAN,FALSE,TOTAL,51864,166153,FALSE,20250910,FALSE
2024,TEXAS,TX,48,74,49,US HOUSE,34,GEN,FALSE,FALSE,MAYRA FLORES,REPUBLICAN,FALSE,TOTAL,97603,200383,FALSE,20250910,FALSE
2024,TEXAS,TX,48,74,49,US HOUSE,34,GEN,FALSE,FALSE,VICENTE GONZALEZ,DEMOCRAT,FALSE,TOTAL,102780,200383,FALSE,20250910,FALSE
2024,TEXAS,TX,48,74,49,US HOUSE,35,GEN,FALSE,FALSE,GREG CASAR,DEMOCRAT,FALSE,TOTAL,170509,253119,FALSE,20250910,FALSE
2024,TEXAS,TX,48,74,49,US HOUSE,35,GEN,FALSE,FALSE,STEVEN WRIGHT,REPUBLICAN,FALSE,TOTAL,82610,253119,FALSE,20250910,FALSE
2024,TEXAS,TX,48,74,49,US HOUSE,36,GEN,FALSE,FALSE,BRIAN BABIN,REPUBLICAN,FALSE,TOTAL,206009,297018,FALSE,20250910,FALSE
2024,TEXAS,TX,48,74,49,US HOUSE,36,GEN,FALSE,FALSE,DAYNA STEELE,DEMOCRAT,FALSE,TOTAL,91009,297018,FALSE,20250910,FALSE
2024,TEXAS,TX,48,74,49,US HOUSE,37,GEN,FALSE,FALSE,GIRISH ALTEKAR,LIBERTARIAN,FALSE,TOTAL,7511,340857,FALSE,20250910,FALSE
2024,TEXAS,TX,48,74,49,US HOUSE,37,GEN,FALSE,FALSE,JENNY GARCIA SHARON,REPUBLICAN,FALSE,TOTAL,80366,340857,FALSE,20250910,FALSE
2024,TEXAS,TX,48,74,49,US HOUSE,37,GEN,FALSE,FALSE,LLOYD DOGGETT,DEMOCRAT,FALSE,TOTAL,252980,340857,FALSE,20250910,FALSE
2024,TEXAS,TX,48,74,49,US HOUSE,38,GEN,FALSE,FALSE,AVERY AYERS,NA,TRUE,TOTAL,94,342764,FALSE,20250910,FALSE
2024,TEXAS,TX,48,74,49,US HOUSE,38,GEN,FALSE,FALSE,MELISSA MCDONOUGH,DEMOCRAT,FALSE,TOTAL,127640,342764,FALSE,20250910,FALSE
2024,TEXAS,TX,48,74,49,US HOUSE,38,GEN,FALSE,FALSE,WESLEY HUNT,REPUBLICAN,FALSE,TOTAL,215030,342764,FALSE,20250910,FALSE
2024,UTAH,UT,49,87,67,US HOUSE,1,GEN,FALSE,FALSE,BILL CAMPBELL,DEMOCRAT,FALSE,TOTAL,117319,365895,FALSE,20250910,FALSE
2024,UTAH,UT,49,87,67,US HOUSE,1,GEN,FALSE,FALSE,BLAKE D. MOORE,REPUBLICAN,FALSE,TOTAL,230975,365895,FALSE,20250910,FALSE
2024,UTAH,UT,49,87,67,US HOUSE,1,GEN,FALSE,FALSE,DANIEL R. COTTAM,LIBERTARIAN,FALSE,TOTAL,17601,365895,FALSE,20250910,FALSE
2024,UTAH,UT,49,87,67,US HOUSE,2,GEN,FALSE,FALSE,CASSIE EASLEY,CONSTITUTION,FALSE,TOTAL,19650,353838,FALSE,20250910,FALSE
2024,UTAH,UT,49,87,67,US HOUSE,2,GEN,FALSE,FALSE,CELESTE MALOY,REPUBLICAN,FALSE,TOTAL,205234,353838,FALSE,20250910,FALSE
2024,UTAH,UT,49,87,67,US HOUSE,2,GEN,FALSE,FALSE,NATHANIEL E. WOODWARD,DEMOCRAT,FALSE,TOTAL,121114,353838,FALSE,20250910,FALSE
2024,UTAH,UT,49,87,67,US HOUSE,2,GEN,FALSE,FALSE,TYLER MURSET,UNAFFILIATED,FALSE,TOTAL,7840,353838,FALSE,20250910,FALSE
2024,UTAH,UT,49,87,67,US HOUSE,3,GEN,FALSE,FALSE,GLENN J. WRIGHT,DEMOCRAT,FALSE,TOTAL,122780,365276,FALSE,20250910,FALSE
2024,UTAH,UT,49,87,67,US HOUSE,3,GEN,FALSE,FALSE,MIKE KENNEDY,REPUBLICAN,FALSE,TOTAL,242496,365276,FALSE,20250910,FALSE
2024,UTAH,UT,49,87,67,US HOUSE,4,GEN,FALSE,FALSE,BURGESS OWENS,REPUBLICAN,FALSE,TOTAL,230627,363668,FALSE,20250910,FALSE
2024,UTAH,UT,49,87,67,US HOUSE,4,GEN,FALSE,FALSE,KATRINA FALLICK-WANG,DEMOCRAT,FALSE,TOTAL,109838,363668,FALSE,20250910,FALSE
2024,UTAH,UT,49,87,67,US HOUSE,4,GEN,FALSE,FALSE,M. EVAN BULLARD,UNAFFILIATED,FALSE,TOTAL,5856,363668,FALSE,20250910,FALSE
2024,UTAH,UT,49,87,67,US HOUSE,4,GEN,FALSE,FALSE,VAUGHN R. COOK,UNITED UTAH,FALSE,TOTAL,17347,363668,FALSE,20250910,FALSE
2024,VERMONT,VT,50,13,6,US HOUSE,0,GEN,FALSE,FALSE,ADAM ORTIZ,INDEPENDENT,FALSE,TOTAL,19286,372885,FALSE,20250910,FALSE
2024,VERMONT,VT,50,13,6,US HOUSE,0,GEN,FALSE,FALSE,BECCA BALINT,DEMOCRAT,FALSE,TOTAL,218398,372885,FALSE,20250910,FALSE
2024,VERMONT,VT,50,13,6,US HOUSE,0,GEN,FALSE,FALSE,BLANK VOTES,NA,FALSE,TOTAL,21982,372885,FALSE,20250910,FALSE
2024,VERMONT,VT,50,13,6,US HOUSE,0,GEN,FALSE,FALSE,"JILL \""JESSY\"" DIAMONDSTONE",GREEN MOUNTAIN PEACE AND JUSTICE,FALSE,TOTAL,7552,372885,FALSE,20250910,FALSE
2024,VERMONT,VT,50,13,6,US HOUSE,0,GEN,FALSE,FALSE,MARK COESTER,"REPUBLICAN, LIBERTARIAN",FALSE,TOTAL,104451,372885,FALSE,20250910,TRUE
2024,VERMONT,VT,50,13,6,US HOUSE,0,GEN,FALSE,FALSE,OVER VOTES,NA,FALSE,TOTAL,287,372885,FALSE,20250910,FALSE
2024,VERMONT,VT,50,13,6,US HOUSE,0,GEN,FALSE,FALSE,WRITEIN,NA,TRUE,TOTAL,929,372885,FALSE,20250910,FALSE
2024,VIRGINIA,VA,51,54,40,US HOUSE,1,GEN,FALSE,FALSE,LESLIE C. MEHTA,DEMOCRAT,FALSE,TOTAL,208445,478906,FALSE,20250910,FALSE
2024,VIRGINIA,VA,51,54,40,US HOUSE,1,GEN,FALSE,FALSE,ROBERT J. WITTMAN,REPUBLICAN,FALSE,TOTAL,269657,478906,FALSE,20250910,FALSE
2024,VIRGINIA,VA,51,54,40,US HOUSE,1,GEN,FALSE,FALSE,WRITEIN,NA,TRUE,TOTAL,804,478906,FALSE,20250910,FALSE
2024,VIRGINIA,VA,51,54,40,US HOUSE,2,GEN,FALSE,FALSE,JENNIFER A. KIGGANS,REPUBLICAN,FALSE,TOTAL,207368,408702,FALSE,20250910,FALSE
2024,VIRGINIA,VA,51,54,40,US HOUSE,2,GEN,FALSE,FALSE,MISSY COTTER SMASAL,DEMOCRAT,FALSE,TOTAL,191666,408702,FALSE,20250910,FALSE
2024,VIRGINIA,VA,51,54,40,US HOUSE,2,GEN,FALSE,FALSE,"ROBERT E. REID, JR.",INDEPENDENT,FALSE,TOTAL,9197,408702,FALSE,20250910,FALSE
2024,VIRGINIA,VA,51,54,40,US HOUSE,2,GEN,FALSE,FALSE,WRITEIN,NA,TRUE,TOTAL,471,408702,FALSE,20250910,FALSE
2024,VIRGINIA,VA,51,54,40,US HOUSE,3,GEN,FALSE,FALSE,JOHN SITKA III,REPUBLICAN,FALSE,TOTAL,93801,314397,FALSE,20250910,FALSE
2024,VIRGINIA,VA,51,54,40,US HOUSE,3,GEN,FALSE,FALSE,"ROBERT C. \""BOBBY\"" SCOTT",DEMOCRAT,FALSE,TOTAL,219926,314397,FALSE,20250910,FALSE
2024,VIRGINIA,VA,51,54,40,US HOUSE,3,GEN,FALSE,FALSE,WRITEIN,NA,TRUE,TOTAL,670,314397,FALSE,20250910,FALSE
2024,VIRGINIA,VA,51,54,40,US HOUSE,4,GEN,FALSE,FALSE,JENNIFER L. MCCLELLAN,DEMOCRAT,FALSE,TOTAL,252885,375508,FALSE,20250910,FALSE
2024,VIRGINIA,VA,51,54,40,US HOUSE,4,GEN,FALSE,FALSE,"WILLIAM J. \""BILL\"" MOHER III",REPUBLICAN,FALSE,TOTAL,121814,375508,FALSE,20250910,FALSE
2024,VIRGINIA,VA,51,54,40,US HOUSE,4,GEN,FALSE,FALSE,WRITEIN,NA,TRUE,TOTAL,809,375508,FALSE,20250910,FALSE
2024,VIRGINIA,VA,51,54,40,US HOUSE,5,GEN,FALSE,FALSE,GLORIA TINSLEY WITT,DEMOCRAT,FALSE,TOTAL,184229,435839,FALSE,20250910,FALSE
2024,VIRGINIA,VA,51,54,40,US HOUSE,5,GEN,FALSE,FALSE,JOHN J. MCGUIRE III,REPUBLICAN,FALSE,TOTAL,249564,435839,FALSE,20250910,FALSE
2024,VIRGINIA,VA,51,54,40,US HOUSE,5,GEN,FALSE,FALSE,WRITEIN,NA,TRUE,TOTAL,2046,435839,FALSE,20250910,FALSE
2024,VIRGINIA,VA,51,54,40,US HOUSE,6,GEN,FALSE,FALSE,BEN CLINE,REPUBLICAN,FALSE,TOTAL,256933,407035,FALSE,20250910,FALSE
2024,VIRGINIA,VA,51,54,40,US HOUSE,6,GEN,FALSE,FALSE,KEN L. MITCHELL,DEMOCRAT,FALSE,TOTAL,141612,407035,FALSE,20250910,FALSE
2024,VIRGINIA,VA,51,54,40,US HOUSE,6,GEN,FALSE,FALSE,"ROBERT C. \""ROBBY\"" WELLS, JR.",INDEPENDENT,FALSE,TOTAL,7980,407035,FALSE,20250910,FALSE
2024,VIRGINIA,VA,51,54,40,US HOUSE,6,GEN,FALSE,FALSE,WRITEIN,NA,TRUE,TOTAL,510,407035,FALSE,20250910,FALSE
2024,VIRGINIA,VA,51,54,40,US HOUSE,7,GEN,FALSE,FALSE,DERRICK M. ANDERSON,REPUBLICAN,FALSE,TOTAL,192847,397299,FALSE,20250910,FALSE
2024,VIRGINIA,VA,51,54,40,US HOUSE,7,GEN,FALSE,FALSE,EUGENE S. VINDMAN,DEMOCRAT,FALSE,TOTAL,203336,397299,FALSE,20250910,FALSE
2024,VIRGINIA,VA,51,54,40,US HOUSE,7,GEN,FALSE,FALSE,WRITEIN,NA,TRUE,TOTAL,1116,397299,FALSE,20250910,FALSE
2024,VIRGINIA,VA,51,54,40,US HOUSE,8,GEN,FALSE,FALSE,BENTLEY F. HENSEL,INDEPENDENT,FALSE,TOTAL,3656,383915,FALSE,20250910,FALSE
2024,VIRGINIA,VA,51,54,40,US HOUSE,8,GEN,FALSE,FALSE,DAVID R. KENNEDY,INDEPENDENT,FALSE,TOTAL,9956,383915,FALSE,20250910,FALSE
2024,VIRGINIA,VA,51,54,40,US HOUSE,8,GEN,FALSE,FALSE,"DONALD S. BEYER, JR.",DEMOCRAT,FALSE,TOTAL,274593,383915,FALSE,20250910,FALSE
2024,VIRGINIA,VA,51,54,40,US HOUSE,8,GEN,FALSE,FALSE,JERRY W. TORRES,REPUBLICAN,FALSE,TOTAL,94676,383915,FALSE,20250910,FALSE
2024,VIRGINIA,VA,51,54,40,US HOUSE,8,GEN,FALSE,FALSE,WRITEIN,NA,TRUE,TOTAL,1034,383915,FALSE,20250910,FALSE
2024,VIRGINIA,VA,51,54,40,US HOUSE,9,GEN,FALSE,FALSE,H. MORGAN GRIFFITH,REPUBLICAN,FALSE,TOTAL,290645,400963,FALSE,20250910,FALSE
2024,VIRGINIA,VA,51,54,40,US HOUSE,9,GEN,FALSE,FALSE,KAREN G. H. BAKER,DEMOCRAT,FALSE,TOTAL,109570,400963,FALSE,20250910,FALSE
2024,VIRGINIA,VA,51,54,40,US HOUSE,9,GEN,FALSE,FALSE,WRITEIN,NA,TRUE,TOTAL,748,400963,FALSE,20250910,FALSE
2024,VIRGINIA,VA,51,54,40,US HOUSE,10,GEN,FALSE,FALSE,MIKE W. CLANCY,REPUBLICAN,FALSE,TOTAL,196343,413012,FALSE,20250910,FALSE
2024,VIRGINIA,VA,51,54,40,US HOUSE,10,GEN,FALSE,FALSE,SUHAS SUBRAMANYAM,DEMOCRAT,FALSE,TOTAL,215131,413012,FALSE,20250910,FALSE
2024,VIRGINIA,VA,51,54,40,US HOUSE,10,GEN,FALSE,FALSE,WRITEIN,NA,TRUE,TOTAL,1538,413012,FALSE,20250910,FALSE
2024,VIRGINIA,VA,51,54,40,US HOUSE,11,GEN,FALSE,FALSE,GERALD E. CONNOLLY,DEMOCRAT,FALSE,TOTAL,273529,410186,FALSE,20250910,FALSE
2024,VIRGINIA,VA,51,54,40,US HOUSE,11,GEN,FALSE,FALSE,MIKE L. VAN METER,REPUBLICAN,FALSE,TOTAL,134802,410186,FALSE,20250910,FALSE
2024,VIRGINIA,VA,51,54,40,US HOUSE,11,GEN,FALSE,FALSE,WRITEIN,NA,TRUE,TOTAL,1855,410186,FALSE,20250910,FALSE
2024,WASHINGTON,WA,53,91,73,US HOUSE,1,GEN,FALSE,FALSE,JEB BREWER,REPUBLICAN,FALSE,TOTAL,132538,360658,FALSE,20250910,FALSE
2024,WASHINGTON,WA,53,91,73,US HOUSE,1,GEN,FALSE,FALSE,SUZAN K. DELBENE,DEMOCRAT,FALSE,TOTAL,227213,360658,FALSE,20250910,FALSE
2024,WASHINGTON,WA,53,91,73,US HOUSE,1,GEN,FALSE,FALSE,WRITEIN,NA,TRUE,TOTAL,907,360658,FALSE,20250910,FALSE
2024,WASHINGTON,WA,53,91,73,US HOUSE,2,GEN,FALSE,FALSE,CODY HART,REPUBLICAN,FALSE,TOTAL,148167,413220,FALSE,20250910,FALSE
2024,WASHINGTON,WA,53,91,73,US HOUSE,2,GEN,FALSE,FALSE,RICK LARSEN,DEMOCRAT,FALSE,TOTAL,263750,413220,FALSE,20250910,FALSE
2024,WASHINGTON,WA,53,91,73,US HOUSE,2,GEN,FALSE,FALSE,WRITEIN,NA,TRUE,TOTAL,1303,413220,FALSE,20250910,FALSE
2024,WASHINGTON,WA,53,91,73,US HOUSE,3,GEN,FALSE,FALSE,JOE KENT,REPUBLICAN,FALSE,TOTAL,199054,415904,FALSE,20250910,FALSE
2024,WASHINGTON,WA,53,91,73,US HOUSE,3,GEN,FALSE,FALSE,MARIE GLUESENKAMP PEREZ,DEMOCRAT,FALSE,TOTAL,215177,415904,FALSE,20250910,FALSE
2024,WASHINGTON,WA,53,91,73,US HOUSE,3,GEN,FALSE,FALSE,WRITEIN,NA,TRUE,TOTAL,1673,415904,FALSE,20250910,FALSE
2024,WASHINGTON,WA,53,91,73,US HOUSE,4,GEN,FALSE,FALSE,DAN NEWHOUSE,REPUBLICAN,FALSE,TOTAL,153477,295052,FALSE,20250910,FALSE
2024,WASHINGTON,WA,53,91,73,US HOUSE,4,GEN,FALSE,FALSE,JERROD SESSLER,REPUBLICAN,FALSE,TOTAL,136175,295052,FALSE,20250910,FALSE
2024,WASHINGTON,WA,53,91,73,US HOUSE,4,GEN,FALSE,FALSE,WRITEIN,NA,TRUE,TOTAL,5400,295052,FALSE,20250910,FALSE
2024,WASHINGTON,WA,53,91,73,US HOUSE,5,GEN,FALSE,FALSE,CARMELA CONROY,DEMOCRAT,FALSE,TOTAL,156074,397286,FALSE,20250910,FALSE
2024,WASHINGTON,WA,53,91,73,US HOUSE,5,GEN,FALSE,FALSE,MICHAEL BAUMGARTNER,REPUBLICAN,FALSE,TOTAL,240619,397286,FALSE,20250910,FALSE
2024,WASHINGTON,WA,53,91,73,US HOUSE,5,GEN,FALSE,FALSE,WRITEIN,NA,TRUE,TOTAL,593,397286,FALSE,20250910,FALSE
2024,WASHINGTON,WA,53,91,73,US HOUSE,6,GEN,FALSE,FALSE,DREW C. MACEWEN,REPUBLICAN,FALSE,TOTAL,182182,422622,FALSE,20250910,FALSE
2024,WASHINGTON,WA,53,91,73,US HOUSE,6,GEN,FALSE,FALSE,EMILY RANDALL,DEMOCRAT,FALSE,TOTAL,239687,422622,FALSE,20250910,FALSE
2024,WASHINGTON,WA,53,91,73,US HOUSE,6,GEN,FALSE,FALSE,WRITEIN,NA,TRUE,TOTAL,753,422622,FALSE,20250910,FALSE
2024,WASHINGTON,WA,53,91,73,US HOUSE,7,GEN,FALSE,FALSE,DAN ALEXANDER,REPUBLICAN,FALSE,TOTAL,66220,419819,FALSE,20250910,FALSE
2024,WASHINGTON,WA,53,91,73,US HOUSE,7,GEN,FALSE,FALSE,PRAMILA JAYAPAL,DEMOCRAT,FALSE,TOTAL,352286,419819,FALSE,20250910,FALSE
2024,WASHINGTON,WA,53,91,73,US HOUSE,7,GEN,FALSE,FALSE,WRITEIN,NA,TRUE,TOTAL,1313,419819,FALSE,20250910,FALSE
2024,WASHINGTON,WA,53,91,73,US HOUSE,8,GEN,FALSE,FALSE,CARMEN GOERS,REPUBLICAN,FALSE,TOTAL,190675,416277,FALSE,20250910,FALSE
2024,WASHINGTON,WA,53,91,73,US HOUSE,8,GEN,FALSE,FALSE,KIM SCHRIER,DEMOCRAT,FALSE,TOTAL,224607,416277,FALSE,20250910,FALSE
2024,WASHINGTON,WA,53,91,73,US HOUSE,8,GEN,FALSE,FALSE,WRITEIN,NA,TRUE,TOTAL,995,416277,FALSE,20250910,FALSE
2024,WASHINGTON,WA,53,91,73,US HOUSE,9,GEN,FALSE,FALSE,ADAM SMITH,DEMOCRAT,FALSE,TOTAL,182780,279298,FALSE,20250910,FALSE
2024,WASHINGTON,WA,53,91,73,US HOUSE,9,GEN,FALSE,FALSE,MELISSA CHAUDHRY,DEMOCRAT,FALSE,TOTAL,90601,279298,FALSE,20250910,FALSE
2024,WASHINGTON,WA,53,91,73,US HOUSE,9,GEN,FALSE,FALSE,WRITEIN,NA,TRUE,TOTAL,5917,279298,FALSE,20250910,FALSE
2024,WASHINGTON,WA,53,91,73,US HOUSE,10,GEN,FALSE,FALSE,DON HEWETT,REPUBLICAN,FALSE,TOTAL,143492,348044,FALSE,20250910,FALSE
2024,WASHINGTON,WA,53,91,73,US HOUSE,10,GEN,FALSE,FALSE,MARILYN STRICKLAND,DEMOCRAT,FALSE,TOTAL,203732,348044,FALSE,20250910,FALSE
2024,WASHINGTON,WA,53,91,73,US HOUSE,10,GEN,FALSE,FALSE,WRITEIN,NA,TRUE,TOTAL,820,348044,FALSE,20250910,FALSE
2024,WEST VIRGINIA,WV,54,55,56,US HOUSE,1,GEN,FALSE,FALSE,A. WARDEN,NA,TRUE,TOTAL,3,344319,FALSE,20250910,FALSE
2024,WEST VIRGINIA,WV,54,55,56,US HOUSE,1,GEN,FALSE,FALSE,CAROL D. MILLER,REPUBLICAN,FALSE,TOTAL,228491,344319,FALSE,20250910,FALSE
2024,WEST VIRGINIA,WV,54,55,56,US HOUSE,1,GEN,FALSE,FALSE,CHRIS BOB REED,DEMOCRAT,FALSE,TOTAL,90038,344319,FALSE,20250910,FALSE
2024,WEST VIRGINIA,WV,54,55,56,US HOUSE,1,GEN,FALSE,FALSE,JIM UMBERGER,NA,TRUE,TOTAL,171,344319,FALSE,20250910,FALSE
2024,WEST VIRGINIA,WV,54,55,56,US HOUSE,1,GEN,FALSE,FALSE,WES HOLDEN,INDEPENDENT,FALSE,TOTAL,25616,344319,FALSE,20250910,FALSE
2024,WEST VIRGINIA,WV,54,55,56,US HOUSE,2,GEN,FALSE,FALSE,RILEY MOORE,REPUBLICAN,FALSE,TOTAL,268190,378965,FALSE,20250910,FALSE
2024,WEST VIRGINIA,WV,54,55,56,US HOUSE,2,GEN,FALSE,FALSE,STEVEN WENDELIN,DEMOCRAT,FALSE,TOTAL,110775,378965,FALSE,20250910,FALSE
2024,WISCONSIN,WI,55,35,25,US HOUSE,1,GEN,FALSE,FALSE,BRYAN STEIL,REPUBLICAN,FALSE,TOTAL,212515,393493,FALSE,20250910,FALSE
2024,WISCONSIN,WI,55,35,25,US HOUSE,1,GEN,FALSE,FALSE,"CHESTER TODD, JR.",GREEN,FALSE,TOTAL,8191,393493,FALSE,20250910,FALSE
2024,WISCONSIN,WI,55,35,25,US HOUSE,1,GEN,FALSE,FALSE,PETER BARCA,DEMOCRAT,FALSE,TOTAL,172402,393493,FALSE,20250910,FALSE
2024,WISCONSIN,WI,55,35,25,US HOUSE,1,GEN,FALSE,FALSE,SCATTERING,NA,FALSE,TOTAL,385,393493,FALSE,20250910,FALSE
2024,WISCONSIN,WI,55,35,25,US HOUSE,2,GEN,FALSE,FALSE,ERIK OLSEN,REPUBLICAN,FALSE,TOTAL,136357,457257,FALSE,20250910,FALSE
2024,WISCONSIN,WI,55,35,25,US HOUSE,2,GEN,FALSE,FALSE,MARK POCAN,DEMOCRAT,FALSE,TOTAL,320317,457257,FALSE,20250910,FALSE
2024,WISCONSIN,WI,55,35,25,US HOUSE,2,GEN,FALSE,FALSE,SCATTERING,NA,FALSE,TOTAL,583,457257,FALSE,20250910,FALSE
2024,WISCONSIN,WI,55,35,25,US HOUSE,3,GEN,FALSE,FALSE,DERRICK VAN ORDEN,REPUBLICAN,FALSE,TOTAL,212064,413181,FALSE,20250910,FALSE
2024,WISCONSIN,WI,55,35,25,US HOUSE,3,GEN,FALSE,FALSE,REBECCA COOKE,DEMOCRAT,FALSE,TOTAL,200808,413181,FALSE,20250910,FALSE
2024,WISCONSIN,WI,55,35,25,US HOUSE,3,GEN,FALSE,FALSE,SCATTERING,NA,FALSE,TOTAL,309,413181,FALSE,20250910,FALSE
2024,WISCONSIN,WI,55,35,25,US HOUSE,4,GEN,FALSE,FALSE,GWEN MOORE,DEMOCRAT,FALSE,TOTAL,249938,334282,FALSE,20250910,FALSE
2024,WISCONSIN,WI,55,35,25,US HOUSE,4,GEN,FALSE,FALSE,MICAH LEAVITT,NA,TRUE,TOTAL,13,334282,FALSE,20250910,FALSE
2024,WISCONSIN,WI,55,35,25,US HOUSE,4,GEN,FALSE,FALSE,ROBERT R. RAYMOND,INDEPENDENT,FALSE,TOTAL,8792,334282,FALSE,20250910,FALSE
2024,WISCONSIN,WI,55,35,25,US HOUSE,4,GEN,FALSE,FALSE,SCATTERING,NA,FALSE,TOTAL,618,334282,FALSE,20250910,FALSE
2024,WISCONSIN,WI,55,35,25,US HOUSE,4,GEN,FALSE,FALSE,TIM ROGERS,REPUBLICAN,FALSE,TOTAL,74921,334282,FALSE,20250910,FALSE
2024,WISCONSIN,WI,55,35,25,US HOUSE,5,GEN,FALSE,FALSE,BEN STEINHOFF,DEMOCRAT,FALSE,TOTAL,165653,466682,FALSE,20250910,FALSE
2024,WISCONSIN,WI,55,35,25,US HOUSE,5,GEN,FALSE,FALSE,SCATTERING,NA,FALSE,TOTAL,508,466682,FALSE,20250910,FALSE
2024,WISCONSIN,WI,55,35,25,US HOUSE,5,GEN,FALSE,FALSE,SCOTT FITZGERALD,REPUBLICAN,FALSE,TOTAL,300521,466682,FALSE,20250910,FALSE
2024,WISCONSIN,WI,55,35,25,US HOUSE,6,GEN,FALSE,FALSE,GLENN GROTHMAN,REPUBLICAN,FALSE,TOTAL,251889,411349,FALSE,20250910,FALSE
2024,WISCONSIN,WI,55,35,25,US HOUSE,6,GEN,FALSE,FALSE,JOHN ZARBANO,DEMOCRAT,FALSE,TOTAL,159042,411349,FALSE,20250910,FALSE
2024,WISCONSIN,WI,55,35,25,US HOUSE,6,GEN,FALSE,FALSE,SCATTERING,NA,FALSE,TOTAL,418,411349,FALSE,20250910,FALSE
2024,WISCONSIN,WI,55,35,25,US HOUSE,7,GEN,FALSE,FALSE,KYLE KILBOURN,DEMOCRAT,FALSE,TOTAL,156524,430384,FALSE,20250910,FALSE
2024,WISCONSIN,WI,55,35,25,US HOUSE,7,GEN,FALSE,FALSE,SCATTERING,NA,FALSE,TOTAL,307,430384,FALSE,20250910,FALSE
2024,WISCONSIN,WI,55,35,25,US HOUSE,7,GEN,FALSE,FALSE,THOMAS P. TIFFANY,REPUBLICAN,FALSE,TOTAL,273553,430384,FALSE,20250910,FALSE
2024,WISCONSIN,WI,55,35,25,US HOUSE,8,GEN,FALSE,FALSE,KRISTIN LYERLY,DEMOCRAT,FALSE,TOTAL,178666,418978,FALSE,20250910,FALSE
2024,WISCONSIN,WI,55,35,25,US HOUSE,8,GEN,FALSE,FALSE,SCATTERING,NA,FALSE,TOTAL,272,418978,FALSE,20250910,FALSE
2024,WISCONSIN,WI,55,35,25,US HOUSE,8,GEN,FALSE,FALSE,TONY WIED,REPUBLICAN,FALSE,TOTAL,240040,418978,FALSE,20250910,FALSE
2024,WYOMING,WY,56,83,68,US HOUSE,0,GEN,FALSE,FALSE,HARRIET M. HAGEMAN,REPUBLICAN,FALSE,TOTAL,184680,271123,FALSE,20250910,FALSE
2024,WYOMING,WY,56,83,68,US HOUSE,0,GEN,FALSE,FALSE,JEFFREY HAGGIT,CONSTITUTION,FALSE,TOTAL,5362,271123,FALSE,20250910,FALSE
2024,WYOMING,WY,56,83,68,US HOUSE,0,GEN,FALSE,FALSE,KYLE G. CAMERON,DEMOCRAT,FALSE,TOTAL,60778,271123,FALSE,20250910,FALSE
2024,WYOMING,WY,56,83,68,US HOUSE,0,GEN,FALSE,FALSE,OVER VOTES,NA,FALSE,TOTAL,1576,271123,FALSE,20250910,FALSE
2024,WYOMING,WY,56,83,68,US HOUSE,0,GEN,FALSE,FALSE,RICHARD BRUBAKER,LIBERTARIAN,FALSE,TOTAL,9223,271123,FALSE,20250910,FALSE
2024,WYOMING,WY,56,83,68,US HOUSE,0,GEN,FALSE,FALSE,UNDER VOTES,NA,FALSE,TOTAL,7999,271123,FALSE,20250910,FALSE
2024,WYOMING,WY,56,83,68,US HOUSE,0,GEN,FALSE,FALSE,WRITEIN,NA,TRUE,TOTAL,1505,271123,FALSE,20250910,FALSE
